run_id,dataset,hop,rep,seed,algorithm,query_count,lambda,gamma,theta_percentile,impact_weight,conflict_threshold,random_seed,max_iterations
Hop10Rep1-0_gamma0,Hop10Rep1-0,10,1,0,tdg_selection_no_candidate_vs_random,1024,45,0,90,15,70,0,5
Hop10Rep1-0_gamma25,Hop10Rep1-0,10,1,0,tdg_selection_no_candidate_vs_random,1024,45,25,90,15,70,0,5
Hop10Rep1-0_gamma50,Hop10Rep1-0,10,1,0,tdg_selection_no_candidate_vs_random,1024,45,50,90,15,70,0,5
Hop10Rep1-0_gamma75,Hop10Rep1-0,10,1,0,tdg_selection_no_candidate_vs_random,1024,45,75,90,15,70,0,5
Hop10Rep1-0_gamma100,Hop10Rep1-0,10,1,0,tdg_selection_no_candidate_vs_random,1024,45,100,90,15,70,0,5
Hop10Rep1-1_gamma0,Hop10Rep1-1,10,1,1,tdg_selection_no_candidate_vs_random,1024,45,0,90,15,70,0,5
Hop10Rep1-1_gamma25,Hop10Rep1-1,10,1,1,tdg_selection_no_candidate_vs_random,1024,45,25,90,15,70,0,5
Hop10Rep1-1_gamma50,Hop10Rep1-1,10,1,1,tdg_selection_no_candidate_vs_random,1024,45,50,90,15,70,0,5
Hop10Rep1-1_gamma75,Hop10Rep1-1,10,1,1,tdg_selection_no_candidate_vs_random,1024,45,75,90,15,70,0,5
Hop10Rep1-1_gamma100,Hop10Rep1-1,10,1,1,tdg_selection_no_candidate_vs_random,1024,45,100,90,15,70,0,5
Hop10Rep1-2_gamma0,Hop10Rep1-2,10,1,2,tdg_selection_no_candidate_vs_random,1024,45,0,90,15,70,0,5
Hop10Rep1-2_gamma25,Hop10Rep1-2,10,1,2,tdg_selection_no_candidate_vs_random,1024,45,25,90,15,70,0,5
Hop10Rep1-2_gamma50,Hop10Rep1-2,10,1,2,tdg_selection_no_candidate_vs_random,1024,45,50,90,15,70,0,5
Hop10Rep1-2_gamma75,Hop10Rep1-2,10,1,2,tdg_selection_no_candidate_vs_random,1024,45,75,90,15,70,0,5
Hop10Rep1-2_gamma100,Hop10Rep1-2,10,1,2,tdg_selection_no_candidate_vs_random,1024,45,100,90,15,70,0,5
Hop10Rep1-3_gamma0,Hop10Rep1-3,10,1,3,tdg_selection_no_candidate_vs_random,1024,45,0,90,15,70,0,5
Hop10Rep1-3_gamma25,Hop10Rep1-3,10,1,3,tdg_selection_no_candidate_vs_random,1024,45,25,90,15,70,0,5
Hop10Rep1-3_gamma50,Hop10Rep1-3,10,1,3,tdg_selection_no_candidate_vs_random,1024,45,50,90,15,70,0,5
Hop10Rep1-3_gamma75,Hop10Rep1-3,10,1,3,tdg_selection_no_candidate_vs_random,1024,45,75,90,15,70,0,5
Hop10Rep1-3_gamma100,Hop10Rep1-3,10,1,3,tdg_selection_no_candidate_vs_random,1024,45,100,90,15,70,0,5
Hop10Rep1-4_gamma0,Hop10Rep1-4,10,1,4,tdg_selection_no_candidate_vs_random,1024,45,0,90,15,70,0,5
Hop10Rep1-4_gamma25,Hop10Rep1-4,10,1,4,tdg_selection_no_candidate_vs_random,1024,45,25,90,15,70,0,5
Hop10Rep1-4_gamma50,Hop10Rep1-4,10,1,4,tdg_selection_no_candidate_vs_random,1024,45,50,90,15,70,0,5
Hop10Rep1-4_gamma75,Hop10Rep1-4,10,1,4,tdg_selection_no_candidate_vs_random,1024,45,75,90,15,70,0,5
Hop10Rep1-4_gamma100,Hop10Rep1-4,10,1,4,tdg_selection_no_candidate_vs_random,1024,45,100,90,15,70,0,5
Hop10Rep1-5_gamma0,Hop10Rep1-5,10,1,5,tdg_selection_no_candidate_vs_random,1024,45,0,90,15,70,0,5
Hop10Rep1-5_gamma25,Hop10Rep1-5,10,1,5,tdg_selection_no_candidate_vs_random,1024,45,25,90,15,70,0,5
Hop10Rep1-5_gamma50,Hop10Rep1-5,10,1,5,tdg_selection_no_candidate_vs_random,1024,45,50,90,15,70,0,5
Hop10Rep1-5_gamma75,Hop10Rep1-5,10,1,5,tdg_selection_no_candidate_vs_random,1024,45,75,90,15,70,0,5
Hop10Rep1-5_gamma100,Hop10Rep1-5,10,1,5,tdg_selection_no_candidate_vs_random,1024,45,100,90,15,70,0,5
Hop10Rep1-6_gamma0,Hop10Rep1-6,10,1,6,tdg_selection_no_candidate_vs_random,1024,45,0,90,15,70,0,5
Hop10Rep1-6_gamma25,Hop10Rep1-6,10,1,6,tdg_selection_no_candidate_vs_random,1024,45,25,90,15,70,0,5
Hop10Rep1-6_gamma50,Hop10Rep1-6,10,1,6,tdg_selection_no_candidate_vs_random,1024,45,50,90,15,70,0,5
Hop10Rep1-6_gamma75,Hop10Rep1-6,10,1,6,tdg_selection_no_candidate_vs_random,1024,45,75,90,15,70,0,5
Hop10Rep1-6_gamma100,Hop10Rep1-6,10,1,6,tdg_selection_no_candidate_vs_random,1024,45,100,90,15,70,0,5
Hop10Rep1-7_gamma0,Hop10Rep1-7,10,1,7,tdg_selection_no_candidate_vs_random,1024,45,0,90,15,70,0,5
Hop10Rep1-7_gamma25,Hop10Rep1-7,10,1,7,tdg_selection_no_candidate_vs_random,1024,45,25,90,15,70,0,5
Hop10Rep1-7_gamma50,Hop10Rep1-7,10,1,7,tdg_selection_no_candidate_vs_random,1024,45,50,90,15,70,0,5
Hop10Rep1-7_gamma75,Hop10Rep1-7,10,1,7,tdg_selection_no_candidate_vs_random,1024,45,75,90,15,70,0,5
Hop10Rep1-7_gamma100,Hop10Rep1-7,10,1,7,tdg_selection_no_candidate_vs_random,1024,45,100,90,15,70,0,5
Hop10Rep1-8_gamma0,Hop10Rep1-8,10,1,8,tdg_selection_no_candidate_vs_random,1024,45,0,90,15,70,0,5
Hop10Rep1-8_gamma25,Hop10Rep1-8,10,1,8,tdg_selection_no_candidate_vs_random,1024,45,25,90,15,70,0,5
Hop10Rep1-8_gamma50,Hop10Rep1-8,10,1,8,tdg_selection_no_candidate_vs_random,1024,45,50,90,15,70,0,5
Hop10Rep1-8_gamma75,Hop10Rep1-8,10,1,8,tdg_selection_no_candidate_vs_random,1024,45,75,90,15,70,0,5
Hop10Rep1-8_gamma100,Hop10Rep1-8,10,1,8,tdg_selection_no_candidate_vs_random,1024,45,100,90,15,70,0,5
Hop10Rep1-9_gamma0,Hop10Rep1-9,10,1,9,tdg_selection_no_candidate_vs_random,1024,45,0,90,15,70,0,5
Hop10Rep1-9_gamma25,Hop10Rep1-9,10,1,9,tdg_selection_no_candidate_vs_random,1024,45,25,90,15,70,0,5
Hop10Rep1-9_gamma50,Hop10Rep1-9,10,1,9,tdg_selection_no_candidate_vs_random,1024,45,50,90,15,70,0,5
Hop10Rep1-9_gamma75,Hop10Rep1-9,10,1,9,tdg_selection_no_candidate_vs_random,1024,45,75,90,15,70,0,5
Hop10Rep1-9_gamma100,Hop10Rep1-9,10,1,9,tdg_selection_no_candidate_vs_random,1024,45,100,90,15,70,0,5
Hop10Rep1-10_gamma0,Hop10Rep1-10,10,1,10,tdg_selection_no_candidate_vs_random,1024,45,0,90,15,70,0,5
Hop10Rep1-10_gamma25,Hop10Rep1-10,10,1,10,tdg_selection_no_candidate_vs_random,1024,45,25,90,15,70,0,5
Hop10Rep1-10_gamma50,Hop10Rep1-10,10,1,10,tdg_selection_no_candidate_vs_random,1024,45,50,90,15,70,0,5
Hop10Rep1-10_gamma75,Hop10Rep1-10,10,1,10,tdg_selection_no_candidate_vs_random,1024,45,75,90,15,70,0,5
Hop10Rep1-10_gamma100,Hop10Rep1-10,10,1,10,tdg_selection_no_candidate_vs_random,1024,45,100,90,15,70,0,5
Hop10Rep1-11_gamma0,Hop10Rep1-11,10,1,11,tdg_selection_no_candidate_vs_random,1024,45,0,90,15,70,0,5
Hop10Rep1-11_gamma25,Hop10Rep1-11,10,1,11,tdg_selection_no_candidate_vs_random,1024,45,25,90,15,70,0,5
Hop10Rep1-11_gamma50,Hop10Rep1-11,10,1,11,tdg_selection_no_candidate_vs_random,1024,45,50,90,15,70,0,5
Hop10Rep1-11_gamma75,Hop10Rep1-11,10,1,11,tdg_selection_no_candidate_vs_random,1024,45,75,90,15,70,0,5
Hop10Rep1-11_gamma100,Hop10Rep1-11,10,1,11,tdg_selection_no_candidate_vs_random,1024,45,100,90,15,70,0,5
Hop10Rep1-12_gamma0,Hop10Rep1-12,10,1,12,tdg_selection_no_candidate_vs_random,1024,45,0,90,15,70,0,5
Hop10Rep1-12_gamma25,Hop10Rep1-12,10,1,12,tdg_selection_no_candidate_vs_random,1024,45,25,90,15,70,0,5
Hop10Rep1-12_gamma50,Hop10Rep1-12,10,1,12,tdg_selection_no_candidate_vs_random,1024,45,50,90,15,70,0,5
Hop10Rep1-12_gamma75,Hop10Rep1-12,10,1,12,tdg_selection_no_candidate_vs_random,1024,45,75,90,15,70,0,5
Hop10Rep1-12_gamma100,Hop10Rep1-12,10,1,12,tdg_selection_no_candidate_vs_random,1024,45,100,90,15,70,0,5
Hop10Rep1-13_gamma0,Hop10Rep1-13,10,1,13,tdg_selection_no_candidate_vs_random,1024,45,0,90,15,70,0,5
Hop10Rep1-13_gamma25,Hop10Rep1-13,10,1,13,tdg_selection_no_candidate_vs_random,1024,45,25,90,15,70,0,5
Hop10Rep1-13_gamma50,Hop10Rep1-13,10,1,13,tdg_selection_no_candidate_vs_random,1024,45,50,90,15,70,0,5
Hop10Rep1-13_gamma75,Hop10Rep1-13,10,1,13,tdg_selection_no_candidate_vs_random,1024,45,75,90,15,70,0,5
Hop10Rep1-13_gamma100,Hop10Rep1-13,10,1,13,tdg_selection_no_candidate_vs_random,1024,45,100,90,15,70,0,5
Hop10Rep1-14_gamma0,Hop10Rep1-14,10,1,14,tdg_selection_no_candidate_vs_random,1024,45,0,90,15,70,0,5
Hop10Rep1-14_gamma25,Hop10Rep1-14,10,1,14,tdg_selection_no_candidate_vs_random,1024,45,25,90,15,70,0,5
Hop10Rep1-14_gamma50,Hop10Rep1-14,10,1,14,tdg_selection_no_candidate_vs_random,1024,45,50,90,15,70,0,5
Hop10Rep1-14_gamma75,Hop10Rep1-14,10,1,14,tdg_selection_no_candidate_vs_random,1024,45,75,90,15,70,0,5
Hop10Rep1-14_gamma100,Hop10Rep1-14,10,1,14,tdg_selection_no_candidate_vs_random,1024,45,100,90,15,70,0,5
Hop10Rep1-15_gamma0,Hop10Rep1-15,10,1,15,tdg_selection_no_candidate_vs_random,1024,45,0,90,15,70,0,5
Hop10Rep1-15_gamma25,Hop10Rep1-15,10,1,15,tdg_selection_no_candidate_vs_random,1024,45,25,90,15,70,0,5
Hop10Rep1-15_gamma50,Hop10Rep1-15,10,1,15,tdg_selection_no_candidate_vs_random,1024,45,50,90,15,70,0,5
Hop10Rep1-15_gamma75,Hop10Rep1-15,10,1,15,tdg_selection_no_candidate_vs_random,1024,45,75,90,15,70,0,5
Hop10Rep1-15_gamma100,Hop10Rep1-15,10,1,15,tdg_selection_no_candidate_vs_random,1024,45,100,90,15,70,0,5
Hop10Rep1-16_gamma0,Hop10Rep1-16,10,1,16,tdg_selection_no_candidate_vs_random,1024,45,0,90,15,70,0,5
Hop10Rep1-16_gamma25,Hop10Rep1-16,10,1,16,tdg_selection_no_candidate_vs_random,1024,45,25,90,15,70,0,5
Hop10Rep1-16_gamma50,Hop10Rep1-16,10,1,16,tdg_selection_no_candidate_vs_random,1024,45,50,90,15,70,0,5
Hop10Rep1-16_gamma75,Hop10Rep1-16,10,1,16,tdg_selection_no_candidate_vs_random,1024,45,75,90,15,70,0,5
Hop10Rep1-16_gamma100,Hop10Rep1-16,10,1,16,tdg_selection_no_candidate_vs_random,1024,45,100,90,15,70,0,5
Hop10Rep1-17_gamma0,Hop10Rep1-17,10,1,17,tdg_selection_no_candidate_vs_random,1024,45,0,90,15,70,0,5
Hop10Rep1-17_gamma25,Hop10Rep1-17,10,1,17,tdg_selection_no_candidate_vs_random,1024,45,25,90,15,70,0,5
Hop10Rep1-17_gamma50,Hop10Rep1-17,10,1,17,tdg_selection_no_candidate_vs_random,1024,45,50,90,15,70,0,5
Hop10Rep1-17_gamma75,Hop10Rep1-17,10,1,17,tdg_selection_no_candidate_vs_random,1024,45,75,90,15,70,0,5
Hop10Rep1-17_gamma100,Hop10Rep1-17,10,1,17,tdg_selection_no_candidate_vs_random,1024,45,100,90,15,70,0,5
Hop10Rep1-18_gamma0,Hop10Rep1-18,10,1,18,tdg_selection_no_candidate_vs_random,1024,45,0,90,15,70,0,5
Hop10Rep1-18_gamma25,Hop10Rep1-18,10,1,18,tdg_selection_no_candidate_vs_random,1024,45,25,90,15,70,0,5
Hop10Rep1-18_gamma50,Hop10Rep1-18,10,1,18,tdg_selection_no_candidate_vs_random,1024,45,50,90,15,70,0,5
Hop10Rep1-18_gamma75,Hop10Rep1-18,10,1,18,tdg_selection_no_candidate_vs_random,1024,45,75,90,15,70,0,5
Hop10Rep1-18_gamma100,Hop10Rep1-18,10,1,18,tdg_selection_no_candidate_vs_random,1024,45,100,90,15,70,0,5
Hop10Rep1-19_gamma0,Hop10Rep1-19,10,1,19,tdg_selection_no_candidate_vs_random,1024,45,0,90,15,70,0,5
Hop10Rep1-19_gamma25,Hop10Rep1-19,10,1,19,tdg_selection_no_candidate_vs_random,1024,45,25,90,15,70,0,5
Hop10Rep1-19_gamma50,Hop10Rep1-19,10,1,19,tdg_selection_no_candidate_vs_random,1024,45,50,90,15,70,0,5
Hop10Rep1-19_gamma75,Hop10Rep1-19,10,1,19,tdg_selection_no_candidate_vs_random,1024,45,75,90,15,70,0,5
Hop10Rep1-19_gamma100,Hop10Rep1-19,10,1,19,tdg_selection_no_candidate_vs_random,1024,45,100,90,15,70,0,5
Hop10Rep2-0_gamma0,Hop10Rep2-0,10,2,0,tdg_selection_no_candidate_vs_random,2048,45,0,90,15,70,0,5
Hop10Rep2-0_gamma25,Hop10Rep2-0,10,2,0,tdg_selection_no_candidate_vs_random,2048,45,25,90,15,70,0,5
Hop10Rep2-0_gamma50,Hop10Rep2-0,10,2,0,tdg_selection_no_candidate_vs_random,2048,45,50,90,15,70,0,5
Hop10Rep2-0_gamma75,Hop10Rep2-0,10,2,0,tdg_selection_no_candidate_vs_random,2048,45,75,90,15,70,0,5
Hop10Rep2-0_gamma100,Hop10Rep2-0,10,2,0,tdg_selection_no_candidate_vs_random,2048,45,100,90,15,70,0,5
Hop10Rep2-1_gamma0,Hop10Rep2-1,10,2,1,tdg_selection_no_candidate_vs_random,2048,45,0,90,15,70,0,5
Hop10Rep2-1_gamma25,Hop10Rep2-1,10,2,1,tdg_selection_no_candidate_vs_random,2048,45,25,90,15,70,0,5
Hop10Rep2-1_gamma50,Hop10Rep2-1,10,2,1,tdg_selection_no_candidate_vs_random,2048,45,50,90,15,70,0,5
Hop10Rep2-1_gamma75,Hop10Rep2-1,10,2,1,tdg_selection_no_candidate_vs_random,2048,45,75,90,15,70,0,5
Hop10Rep2-1_gamma100,Hop10Rep2-1,10,2,1,tdg_selection_no_candidate_vs_random,2048,45,100,90,15,70,0,5
Hop10Rep2-2_gamma0,Hop10Rep2-2,10,2,2,tdg_selection_no_candidate_vs_random,2048,45,0,90,15,70,0,5
Hop10Rep2-2_gamma25,Hop10Rep2-2,10,2,2,tdg_selection_no_candidate_vs_random,2048,45,25,90,15,70,0,5
Hop10Rep2-2_gamma50,Hop10Rep2-2,10,2,2,tdg_selection_no_candidate_vs_random,2048,45,50,90,15,70,0,5
Hop10Rep2-2_gamma75,Hop10Rep2-2,10,2,2,tdg_selection_no_candidate_vs_random,2048,45,75,90,15,70,0,5
Hop10Rep2-2_gamma100,Hop10Rep2-2,10,2,2,tdg_selection_no_candidate_vs_random,2048,45,100,90,15,70,0,5
Hop10Rep2-3_gamma0,Hop10Rep2-3,10,2,3,tdg_selection_no_candidate_vs_random,2048,45,0,90,15,70,0,5
Hop10Rep2-3_gamma25,Hop10Rep2-3,10,2,3,tdg_selection_no_candidate_vs_random,2048,45,25,90,15,70,0,5
Hop10Rep2-3_gamma50,Hop10Rep2-3,10,2,3,tdg_selection_no_candidate_vs_random,2048,45,50,90,15,70,0,5
Hop10Rep2-3_gamma75,Hop10Rep2-3,10,2,3,tdg_selection_no_candidate_vs_random,2048,45,75,90,15,70,0,5
Hop10Rep2-3_gamma100,Hop10Rep2-3,10,2,3,tdg_selection_no_candidate_vs_random,2048,45,100,90,15,70,0,5
Hop10Rep2-4_gamma0,Hop10Rep2-4,10,2,4,tdg_selection_no_candidate_vs_random,2048,45,0,90,15,70,0,5
Hop10Rep2-4_gamma25,Hop10Rep2-4,10,2,4,tdg_selection_no_candidate_vs_random,2048,45,25,90,15,70,0,5
Hop10Rep2-4_gamma50,Hop10Rep2-4,10,2,4,tdg_selection_no_candidate_vs_random,2048,45,50,90,15,70,0,5
Hop10Rep2-4_gamma75,Hop10Rep2-4,10,2,4,tdg_selection_no_candidate_vs_random,2048,45,75,90,15,70,0,5
Hop10Rep2-4_gamma100,Hop10Rep2-4,10,2,4,tdg_selection_no_candidate_vs_random,2048,45,100,90,15,70,0,5
Hop10Rep2-5_gamma0,Hop10Rep2-5,10,2,5,tdg_selection_no_candidate_vs_random,2048,45,0,90,15,70,0,5
Hop10Rep2-5_gamma25,Hop10Rep2-5,10,2,5,tdg_selection_no_candidate_vs_random,2048,45,25,90,15,70,0,5
Hop10Rep2-5_gamma50,Hop10Rep2-5,10,2,5,tdg_selection_no_candidate_vs_random,2048,45,50,90,15,70,0,5
Hop10Rep2-5_gamma75,Hop10Rep2-5,10,2,5,tdg_selection_no_candidate_vs_random,2048,45,75,90,15,70,0,5
Hop10Rep2-5_gamma100,Hop10Rep2-5,10,2,5,tdg_selection_no_candidate_vs_random,2048,45,100,90,15,70,0,5
Hop10Rep2-6_gamma0,Hop10Rep2-6,10,2,6,tdg_selection_no_candidate_vs_random,2048,45,0,90,15,70,0,5
Hop10Rep2-6_gamma25,Hop10Rep2-6,10,2,6,tdg_selection_no_candidate_vs_random,2048,45,25,90,15,70,0,5
Hop10Rep2-6_gamma50,Hop10Rep2-6,10,2,6,tdg_selection_no_candidate_vs_random,2048,45,50,90,15,70,0,5
Hop10Rep2-6_gamma75,Hop10Rep2-6,10,2,6,tdg_selection_no_candidate_vs_random,2048,45,75,90,15,70,0,5
Hop10Rep2-6_gamma100,Hop10Rep2-6,10,2,6,tdg_selection_no_candidate_vs_random,2048,45,100,90,15,70,0,5
Hop10Rep2-7_gamma0,Hop10Rep2-7,10,2,7,tdg_selection_no_candidate_vs_random,2048,45,0,90,15,70,0,5
Hop10Rep2-7_gamma25,Hop10Rep2-7,10,2,7,tdg_selection_no_candidate_vs_random,2048,45,25,90,15,70,0,5
Hop10Rep2-7_gamma50,Hop10Rep2-7,10,2,7,tdg_selection_no_candidate_vs_random,2048,45,50,90,15,70,0,5
Hop10Rep2-7_gamma75,Hop10Rep2-7,10,2,7,tdg_selection_no_candidate_vs_random,2048,45,75,90,15,70,0,5
Hop10Rep2-7_gamma100,Hop10Rep2-7,10,2,7,tdg_selection_no_candidate_vs_random,2048,45,100,90,15,70,0,5
Hop10Rep2-8_gamma0,Hop10Rep2-8,10,2,8,tdg_selection_no_candidate_vs_random,2048,45,0,90,15,70,0,5
Hop10Rep2-8_gamma25,Hop10Rep2-8,10,2,8,tdg_selection_no_candidate_vs_random,2048,45,25,90,15,70,0,5
Hop10Rep2-8_gamma50,Hop10Rep2-8,10,2,8,tdg_selection_no_candidate_vs_random,2048,45,50,90,15,70,0,5
Hop10Rep2-8_gamma75,Hop10Rep2-8,10,2,8,tdg_selection_no_candidate_vs_random,2048,45,75,90,15,70,0,5
Hop10Rep2-8_gamma100,Hop10Rep2-8,10,2,8,tdg_selection_no_candidate_vs_random,2048,45,100,90,15,70,0,5
Hop10Rep2-9_gamma0,Hop10Rep2-9,10,2,9,tdg_selection_no_candidate_vs_random,2048,45,0,90,15,70,0,5
Hop10Rep2-9_gamma25,Hop10Rep2-9,10,2,9,tdg_selection_no_candidate_vs_random,2048,45,25,90,15,70,0,5
Hop10Rep2-9_gamma50,Hop10Rep2-9,10,2,9,tdg_selection_no_candidate_vs_random,2048,45,50,90,15,70,0,5
Hop10Rep2-9_gamma75,Hop10Rep2-9,10,2,9,tdg_selection_no_candidate_vs_random,2048,45,75,90,15,70,0,5
Hop10Rep2-9_gamma100,Hop10Rep2-9,10,2,9,tdg_selection_no_candidate_vs_random,2048,45,100,90,15,70,0,5
Hop10Rep2-10_gamma0,Hop10Rep2-10,10,2,10,tdg_selection_no_candidate_vs_random,2048,45,0,90,15,70,0,5
Hop10Rep2-10_gamma25,Hop10Rep2-10,10,2,10,tdg_selection_no_candidate_vs_random,2048,45,25,90,15,70,0,5
Hop10Rep2-10_gamma50,Hop10Rep2-10,10,2,10,tdg_selection_no_candidate_vs_random,2048,45,50,90,15,70,0,5
Hop10Rep2-10_gamma75,Hop10Rep2-10,10,2,10,tdg_selection_no_candidate_vs_random,2048,45,75,90,15,70,0,5
Hop10Rep2-10_gamma100,Hop10Rep2-10,10,2,10,tdg_selection_no_candidate_vs_random,2048,45,100,90,15,70,0,5
Hop10Rep2-11_gamma0,Hop10Rep2-11,10,2,11,tdg_selection_no_candidate_vs_random,2048,45,0,90,15,70,0,5
Hop10Rep2-11_gamma25,Hop10Rep2-11,10,2,11,tdg_selection_no_candidate_vs_random,2048,45,25,90,15,70,0,5
Hop10Rep2-11_gamma50,Hop10Rep2-11,10,2,11,tdg_selection_no_candidate_vs_random,2048,45,50,90,15,70,0,5
Hop10Rep2-11_gamma75,Hop10Rep2-11,10,2,11,tdg_selection_no_candidate_vs_random,2048,45,75,90,15,70,0,5
Hop10Rep2-11_gamma100,Hop10Rep2-11,10,2,11,tdg_selection_no_candidate_vs_random,2048,45,100,90,15,70,0,5
Hop10Rep2-12_gamma0,Hop10Rep2-12,10,2,12,tdg_selection_no_candidate_vs_random,2048,45,0,90,15,70,0,5
Hop10Rep2-12_gamma25,Hop10Rep2-12,10,2,12,tdg_selection_no_candidate_vs_random,2048,45,25,90,15,70,0,5
Hop10Rep2-12_gamma50,Hop10Rep2-12,10,2,12,tdg_selection_no_candidate_vs_random,2048,45,50,90,15,70,0,5
Hop10Rep2-12_gamma75,Hop10Rep2-12,10,2,12,tdg_selection_no_candidate_vs_random,2048,45,75,90,15,70,0,5
Hop10Rep2-12_gamma100,Hop10Rep2-12,10,2,12,tdg_selection_no_candidate_vs_random,2048,45,100,90,15,70,0,5
Hop10Rep2-13_gamma0,Hop10Rep2-13,10,2,13,tdg_selection_no_candidate_vs_random,2048,45,0,90,15,70,0,5
Hop10Rep2-13_gamma25,Hop10Rep2-13,10,2,13,tdg_selection_no_candidate_vs_random,2048,45,25,90,15,70,0,5
Hop10Rep2-13_gamma50,Hop10Rep2-13,10,2,13,tdg_selection_no_candidate_vs_random,2048,45,50,90,15,70,0,5
Hop10Rep2-13_gamma75,Hop10Rep2-13,10,2,13,tdg_selection_no_candidate_vs_random,2048,45,75,90,15,70,0,5
Hop10Rep2-13_gamma100,Hop10Rep2-13,10,2,13,tdg_selection_no_candidate_vs_random,2048,45,100,90,15,70,0,5
Hop10Rep2-14_gamma0,Hop10Rep2-14,10,2,14,tdg_selection_no_candidate_vs_random,2048,45,0,90,15,70,0,5
Hop10Rep2-14_gamma25,Hop10Rep2-14,10,2,14,tdg_selection_no_candidate_vs_random,2048,45,25,90,15,70,0,5
Hop10Rep2-14_gamma50,Hop10Rep2-14,10,2,14,tdg_selection_no_candidate_vs_random,2048,45,50,90,15,70,0,5
Hop10Rep2-14_gamma75,Hop10Rep2-14,10,2,14,tdg_selection_no_candidate_vs_random,2048,45,75,90,15,70,0,5
Hop10Rep2-14_gamma100,Hop10Rep2-14,10,2,14,tdg_selection_no_candidate_vs_random,2048,45,100,90,15,70,0,5
Hop10Rep2-15_gamma0,Hop10Rep2-15,10,2,15,tdg_selection_no_candidate_vs_random,2048,45,0,90,15,70,0,5
Hop10Rep2-15_gamma25,Hop10Rep2-15,10,2,15,tdg_selection_no_candidate_vs_random,2048,45,25,90,15,70,0,5
Hop10Rep2-15_gamma50,Hop10Rep2-15,10,2,15,tdg_selection_no_candidate_vs_random,2048,45,50,90,15,70,0,5
Hop10Rep2-15_gamma75,Hop10Rep2-15,10,2,15,tdg_selection_no_candidate_vs_random,2048,45,75,90,15,70,0,5
Hop10Rep2-15_gamma100,Hop10Rep2-15,10,2,15,tdg_selection_no_candidate_vs_random,2048,45,100,90,15,70,0,5
Hop10Rep2-16_gamma0,Hop10Rep2-16,10,2,16,tdg_selection_no_candidate_vs_random,2048,45,0,90,15,70,0,5
Hop10Rep2-16_gamma25,Hop10Rep2-16,10,2,16,tdg_selection_no_candidate_vs_random,2048,45,25,90,15,70,0,5
Hop10Rep2-16_gamma50,Hop10Rep2-16,10,2,16,tdg_selection_no_candidate_vs_random,2048,45,50,90,15,70,0,5
Hop10Rep2-16_gamma75,Hop10Rep2-16,10,2,16,tdg_selection_no_candidate_vs_random,2048,45,75,90,15,70,0,5
Hop10Rep2-16_gamma100,Hop10Rep2-16,10,2,16,tdg_selection_no_candidate_vs_random,2048,45,100,90,15,70,0,5
Hop10Rep2-17_gamma0,Hop10Rep2-17,10,2,17,tdg_selection_no_candidate_vs_random,2048,45,0,90,15,70,0,5
Hop10Rep2-17_gamma25,Hop10Rep2-17,10,2,17,tdg_selection_no_candidate_vs_random,2048,45,25,90,15,70,0,5
Hop10Rep2-17_gamma50,Hop10Rep2-17,10,2,17,tdg_selection_no_candidate_vs_random,2048,45,50,90,15,70,0,5
Hop10Rep2-17_gamma75,Hop10Rep2-17,10,2,17,tdg_selection_no_candidate_vs_random,2048,45,75,90,15,70,0,5
Hop10Rep2-17_gamma100,Hop10Rep2-17,10,2,17,tdg_selection_no_candidate_vs_random,2048,45,100,90,15,70,0,5
Hop10Rep2-18_gamma0,Hop10Rep2-18,10,2,18,tdg_selection_no_candidate_vs_random,2048,45,0,90,15,70,0,5
Hop10Rep2-18_gamma25,Hop10Rep2-18,10,2,18,tdg_selection_no_candidate_vs_random,2048,45,25,90,15,70,0,5
Hop10Rep2-18_gamma50,Hop10Rep2-18,10,2,18,tdg_selection_no_candidate_vs_random,2048,45,50,90,15,70,0,5
Hop10Rep2-18_gamma75,Hop10Rep2-18,10,2,18,tdg_selection_no_candidate_vs_random,2048,45,75,90,15,70,0,5
Hop10Rep2-18_gamma100,Hop10Rep2-18,10,2,18,tdg_selection_no_candidate_vs_random,2048,45,100,90,15,70,0,5
Hop10Rep2-19_gamma0,Hop10Rep2-19,10,2,19,tdg_selection_no_candidate_vs_random,2048,45,0,90,15,70,0,5
Hop10Rep2-19_gamma25,Hop10Rep2-19,10,2,19,tdg_selection_no_candidate_vs_random,2048,45,25,90,15,70,0,5
Hop10Rep2-19_gamma50,Hop10Rep2-19,10,2,19,tdg_selection_no_candidate_vs_random,2048,45,50,90,15,70,0,5
Hop10Rep2-19_gamma75,Hop10Rep2-19,10,2,19,tdg_selection_no_candidate_vs_random,2048,45,75,90,15,70,0,5
Hop10Rep2-19_gamma100,Hop10Rep2-19,10,2,19,tdg_selection_no_candidate_vs_random,2048,45,100,90,15,70,0,5
Hop10Rep4-0_gamma0,Hop10Rep4-0,10,4,0,tdg_selection_no_candidate_vs_random,4096,45,0,90,15,70,0,5
Hop10Rep4-0_gamma25,Hop10Rep4-0,10,4,0,tdg_selection_no_candidate_vs_random,4096,45,25,90,15,70,0,5
Hop10Rep4-0_gamma50,Hop10Rep4-0,10,4,0,tdg_selection_no_candidate_vs_random,4096,45,50,90,15,70,0,5
Hop10Rep4-0_gamma75,Hop10Rep4-0,10,4,0,tdg_selection_no_candidate_vs_random,4096,45,75,90,15,70,0,5
Hop10Rep4-0_gamma100,Hop10Rep4-0,10,4,0,tdg_selection_no_candidate_vs_random,4096,45,100,90,15,70,0,5
Hop10Rep4-1_gamma0,Hop10Rep4-1,10,4,1,tdg_selection_no_candidate_vs_random,4096,45,0,90,15,70,0,5
Hop10Rep4-1_gamma25,Hop10Rep4-1,10,4,1,tdg_selection_no_candidate_vs_random,4096,45,25,90,15,70,0,5
Hop10Rep4-1_gamma50,Hop10Rep4-1,10,4,1,tdg_selection_no_candidate_vs_random,4096,45,50,90,15,70,0,5
Hop10Rep4-1_gamma75,Hop10Rep4-1,10,4,1,tdg_selection_no_candidate_vs_random,4096,45,75,90,15,70,0,5
Hop10Rep4-1_gamma100,Hop10Rep4-1,10,4,1,tdg_selection_no_candidate_vs_random,4096,45,100,90,15,70,0,5
Hop10Rep4-2_gamma0,Hop10Rep4-2,10,4,2,tdg_selection_no_candidate_vs_random,4096,45,0,90,15,70,0,5
Hop10Rep4-2_gamma25,Hop10Rep4-2,10,4,2,tdg_selection_no_candidate_vs_random,4096,45,25,90,15,70,0,5
Hop10Rep4-2_gamma50,Hop10Rep4-2,10,4,2,tdg_selection_no_candidate_vs_random,4096,45,50,90,15,70,0,5
Hop10Rep4-2_gamma75,Hop10Rep4-2,10,4,2,tdg_selection_no_candidate_vs_random,4096,45,75,90,15,70,0,5
Hop10Rep4-2_gamma100,Hop10Rep4-2,10,4,2,tdg_selection_no_candidate_vs_random,4096,45,100,90,15,70,0,5
Hop10Rep4-3_gamma0,Hop10Rep4-3,10,4,3,tdg_selection_no_candidate_vs_random,4096,45,0,90,15,70,0,5
Hop10Rep4-3_gamma25,Hop10Rep4-3,10,4,3,tdg_selection_no_candidate_vs_random,4096,45,25,90,15,70,0,5
Hop10Rep4-3_gamma50,Hop10Rep4-3,10,4,3,tdg_selection_no_candidate_vs_random,4096,45,50,90,15,70,0,5
Hop10Rep4-3_gamma75,Hop10Rep4-3,10,4,3,tdg_selection_no_candidate_vs_random,4096,45,75,90,15,70,0,5
Hop10Rep4-3_gamma100,Hop10Rep4-3,10,4,3,tdg_selection_no_candidate_vs_random,4096,45,100,90,15,70,0,5
Hop10Rep4-4_gamma0,Hop10Rep4-4,10,4,4,tdg_selection_no_candidate_vs_random,4096,45,0,90,15,70,0,5
Hop10Rep4-4_gamma25,Hop10Rep4-4,10,4,4,tdg_selection_no_candidate_vs_random,4096,45,25,90,15,70,0,5
Hop10Rep4-4_gamma50,Hop10Rep4-4,10,4,4,tdg_selection_no_candidate_vs_random,4096,45,50,90,15,70,0,5
Hop10Rep4-4_gamma75,Hop10Rep4-4,10,4,4,tdg_selection_no_candidate_vs_random,4096,45,75,90,15,70,0,5
Hop10Rep4-4_gamma100,Hop10Rep4-4,10,4,4,tdg_selection_no_candidate_vs_random,4096,45,100,90,15,70,0,5
Hop10Rep4-5_gamma0,Hop10Rep4-5,10,4,5,tdg_selection_no_candidate_vs_random,4096,45,0,90,15,70,0,5
Hop10Rep4-5_gamma25,Hop10Rep4-5,10,4,5,tdg_selection_no_candidate_vs_random,4096,45,25,90,15,70,0,5
Hop10Rep4-5_gamma50,Hop10Rep4-5,10,4,5,tdg_selection_no_candidate_vs_random,4096,45,50,90,15,70,0,5
Hop10Rep4-5_gamma75,Hop10Rep4-5,10,4,5,tdg_selection_no_candidate_vs_random,4096,45,75,90,15,70,0,5
Hop10Rep4-5_gamma100,Hop10Rep4-5,10,4,5,tdg_selection_no_candidate_vs_random,4096,45,100,90,15,70,0,5
Hop10Rep4-6_gamma0,Hop10Rep4-6,10,4,6,tdg_selection_no_candidate_vs_random,4096,45,0,90,15,70,0,5
Hop10Rep4-6_gamma25,Hop10Rep4-6,10,4,6,tdg_selection_no_candidate_vs_random,4096,45,25,90,15,70,0,5
Hop10Rep4-6_gamma50,Hop10Rep4-6,10,4,6,tdg_selection_no_candidate_vs_random,4096,45,50,90,15,70,0,5
Hop10Rep4-6_gamma75,Hop10Rep4-6,10,4,6,tdg_selection_no_candidate_vs_random,4096,45,75,90,15,70,0,5
Hop10Rep4-6_gamma100,Hop10Rep4-6,10,4,6,tdg_selection_no_candidate_vs_random,4096,45,100,90,15,70,0,5
Hop10Rep4-7_gamma0,Hop10Rep4-7,10,4,7,tdg_selection_no_candidate_vs_random,4096,45,0,90,15,70,0,5
Hop10Rep4-7_gamma25,Hop10Rep4-7,10,4,7,tdg_selection_no_candidate_vs_random,4096,45,25,90,15,70,0,5
Hop10Rep4-7_gamma50,Hop10Rep4-7,10,4,7,tdg_selection_no_candidate_vs_random,4096,45,50,90,15,70,0,5
Hop10Rep4-7_gamma75,Hop10Rep4-7,10,4,7,tdg_selection_no_candidate_vs_random,4096,45,75,90,15,70,0,5
Hop10Rep4-7_gamma100,Hop10Rep4-7,10,4,7,tdg_selection_no_candidate_vs_random,4096,45,100,90,15,70,0,5
Hop10Rep4-8_gamma0,Hop10Rep4-8,10,4,8,tdg_selection_no_candidate_vs_random,4096,45,0,90,15,70,0,5
Hop10Rep4-8_gamma25,Hop10Rep4-8,10,4,8,tdg_selection_no_candidate_vs_random,4096,45,25,90,15,70,0,5
Hop10Rep4-8_gamma50,Hop10Rep4-8,10,4,8,tdg_selection_no_candidate_vs_random,4096,45,50,90,15,70,0,5
Hop10Rep4-8_gamma75,Hop10Rep4-8,10,4,8,tdg_selection_no_candidate_vs_random,4096,45,75,90,15,70,0,5
Hop10Rep4-8_gamma100,Hop10Rep4-8,10,4,8,tdg_selection_no_candidate_vs_random,4096,45,100,90,15,70,0,5
Hop10Rep4-9_gamma0,Hop10Rep4-9,10,4,9,tdg_selection_no_candidate_vs_random,4096,45,0,90,15,70,0,5
Hop10Rep4-9_gamma25,Hop10Rep4-9,10,4,9,tdg_selection_no_candidate_vs_random,4096,45,25,90,15,70,0,5
Hop10Rep4-9_gamma50,Hop10Rep4-9,10,4,9,tdg_selection_no_candidate_vs_random,4096,45,50,90,15,70,0,5
Hop10Rep4-9_gamma75,Hop10Rep4-9,10,4,9,tdg_selection_no_candidate_vs_random,4096,45,75,90,15,70,0,5
Hop10Rep4-9_gamma100,Hop10Rep4-9,10,4,9,tdg_selection_no_candidate_vs_random,4096,45,100,90,15,70,0,5
Hop10Rep4-10_gamma0,Hop10Rep4-10,10,4,10,tdg_selection_no_candidate_vs_random,4096,45,0,90,15,70,0,5
Hop10Rep4-10_gamma25,Hop10Rep4-10,10,4,10,tdg_selection_no_candidate_vs_random,4096,45,25,90,15,70,0,5
Hop10Rep4-10_gamma50,Hop10Rep4-10,10,4,10,tdg_selection_no_candidate_vs_random,4096,45,50,90,15,70,0,5
Hop10Rep4-10_gamma75,Hop10Rep4-10,10,4,10,tdg_selection_no_candidate_vs_random,4096,45,75,90,15,70,0,5
Hop10Rep4-10_gamma100,Hop10Rep4-10,10,4,10,tdg_selection_no_candidate_vs_random,4096,45,100,90,15,70,0,5
Hop10Rep4-11_gamma0,Hop10Rep4-11,10,4,11,tdg_selection_no_candidate_vs_random,4096,45,0,90,15,70,0,5
Hop10Rep4-11_gamma25,Hop10Rep4-11,10,4,11,tdg_selection_no_candidate_vs_random,4096,45,25,90,15,70,0,5
Hop10Rep4-11_gamma50,Hop10Rep4-11,10,4,11,tdg_selection_no_candidate_vs_random,4096,45,50,90,15,70,0,5
Hop10Rep4-11_gamma75,Hop10Rep4-11,10,4,11,tdg_selection_no_candidate_vs_random,4096,45,75,90,15,70,0,5
Hop10Rep4-11_gamma100,Hop10Rep4-11,10,4,11,tdg_selection_no_candidate_vs_random,4096,45,100,90,15,70,0,5
Hop10Rep4-12_gamma0,Hop10Rep4-12,10,4,12,tdg_selection_no_candidate_vs_random,4096,45,0,90,15,70,0,5
Hop10Rep4-12_gamma25,Hop10Rep4-12,10,4,12,tdg_selection_no_candidate_vs_random,4096,45,25,90,15,70,0,5
Hop10Rep4-12_gamma50,Hop10Rep4-12,10,4,12,tdg_selection_no_candidate_vs_random,4096,45,50,90,15,70,0,5
Hop10Rep4-12_gamma75,Hop10Rep4-12,10,4,12,tdg_selection_no_candidate_vs_random,4096,45,75,90,15,70,0,5
Hop10Rep4-12_gamma100,Hop10Rep4-12,10,4,12,tdg_selection_no_candidate_vs_random,4096,45,100,90,15,70,0,5
Hop10Rep4-13_gamma0,Hop10Rep4-13,10,4,13,tdg_selection_no_candidate_vs_random,4096,45,0,90,15,70,0,5
Hop10Rep4-13_gamma25,Hop10Rep4-13,10,4,13,tdg_selection_no_candidate_vs_random,4096,45,25,90,15,70,0,5
Hop10Rep4-13_gamma50,Hop10Rep4-13,10,4,13,tdg_selection_no_candidate_vs_random,4096,45,50,90,15,70,0,5
Hop10Rep4-13_gamma75,Hop10Rep4-13,10,4,13,tdg_selection_no_candidate_vs_random,4096,45,75,90,15,70,0,5
Hop10Rep4-13_gamma100,Hop10Rep4-13,10,4,13,tdg_selection_no_candidate_vs_random,4096,45,100,90,15,70,0,5
Hop10Rep4-14_gamma0,Hop10Rep4-14,10,4,14,tdg_selection_no_candidate_vs_random,4096,45,0,90,15,70,0,5
Hop10Rep4-14_gamma25,Hop10Rep4-14,10,4,14,tdg_selection_no_candidate_vs_random,4096,45,25,90,15,70,0,5
Hop10Rep4-14_gamma50,Hop10Rep4-14,10,4,14,tdg_selection_no_candidate_vs_random,4096,45,50,90,15,70,0,5
Hop10Rep4-14_gamma75,Hop10Rep4-14,10,4,14,tdg_selection_no_candidate_vs_random,4096,45,75,90,15,70,0,5
Hop10Rep4-14_gamma100,Hop10Rep4-14,10,4,14,tdg_selection_no_candidate_vs_random,4096,45,100,90,15,70,0,5
Hop10Rep4-15_gamma0,Hop10Rep4-15,10,4,15,tdg_selection_no_candidate_vs_random,4096,45,0,90,15,70,0,5
Hop10Rep4-15_gamma25,Hop10Rep4-15,10,4,15,tdg_selection_no_candidate_vs_random,4096,45,25,90,15,70,0,5
Hop10Rep4-15_gamma50,Hop10Rep4-15,10,4,15,tdg_selection_no_candidate_vs_random,4096,45,50,90,15,70,0,5
Hop10Rep4-15_gamma75,Hop10Rep4-15,10,4,15,tdg_selection_no_candidate_vs_random,4096,45,75,90,15,70,0,5
Hop10Rep4-15_gamma100,Hop10Rep4-15,10,4,15,tdg_selection_no_candidate_vs_random,4096,45,100,90,15,70,0,5
Hop10Rep4-16_gamma0,Hop10Rep4-16,10,4,16,tdg_selection_no_candidate_vs_random,4096,45,0,90,15,70,0,5
Hop10Rep4-16_gamma25,Hop10Rep4-16,10,4,16,tdg_selection_no_candidate_vs_random,4096,45,25,90,15,70,0,5
Hop10Rep4-16_gamma50,Hop10Rep4-16,10,4,16,tdg_selection_no_candidate_vs_random,4096,45,50,90,15,70,0,5
Hop10Rep4-16_gamma75,Hop10Rep4-16,10,4,16,tdg_selection_no_candidate_vs_random,4096,45,75,90,15,70,0,5
Hop10Rep4-16_gamma100,Hop10Rep4-16,10,4,16,tdg_selection_no_candidate_vs_random,4096,45,100,90,15,70,0,5
Hop10Rep4-17_gamma0,Hop10Rep4-17,10,4,17,tdg_selection_no_candidate_vs_random,4096,45,0,90,15,70,0,5
Hop10Rep4-17_gamma25,Hop10Rep4-17,10,4,17,tdg_selection_no_candidate_vs_random,4096,45,25,90,15,70,0,5
Hop10Rep4-17_gamma50,Hop10Rep4-17,10,4,17,tdg_selection_no_candidate_vs_random,4096,45,50,90,15,70,0,5
Hop10Rep4-17_gamma75,Hop10Rep4-17,10,4,17,tdg_selection_no_candidate_vs_random,4096,45,75,90,15,70,0,5
Hop10Rep4-17_gamma100,Hop10Rep4-17,10,4,17,tdg_selection_no_candidate_vs_random,4096,45,100,90,15,70,0,5
Hop10Rep4-18_gamma0,Hop10Rep4-18,10,4,18,tdg_selection_no_candidate_vs_random,4096,45,0,90,15,70,0,5
Hop10Rep4-18_gamma25,Hop10Rep4-18,10,4,18,tdg_selection_no_candidate_vs_random,4096,45,25,90,15,70,0,5
Hop10Rep4-18_gamma50,Hop10Rep4-18,10,4,18,tdg_selection_no_candidate_vs_random,4096,45,50,90,15,70,0,5
Hop10Rep4-18_gamma75,Hop10Rep4-18,10,4,18,tdg_selection_no_candidate_vs_random,4096,45,75,90,15,70,0,5
Hop10Rep4-18_gamma100,Hop10Rep4-18,10,4,18,tdg_selection_no_candidate_vs_random,4096,45,100,90,15,70,0,5
Hop10Rep4-19_gamma0,Hop10Rep4-19,10,4,19,tdg_selection_no_candidate_vs_random,4096,45,0,90,15,70,0,5
Hop10Rep4-19_gamma25,Hop10Rep4-19,10,4,19,tdg_selection_no_candidate_vs_random,4096,45,25,90,15,70,0,5
Hop10Rep4-19_gamma50,Hop10Rep4-19,10,4,19,tdg_selection_no_candidate_vs_random,4096,45,50,90,15,70,0,5
Hop10Rep4-19_gamma75,Hop10Rep4-19,10,4,19,tdg_selection_no_candidate_vs_random,4096,45,75,90,15,70,0,5
Hop10Rep4-19_gamma100,Hop10Rep4-19,10,4,19,tdg_selection_no_candidate_vs_random,4096,45,100,90,15,70,0,5
Hop20Rep1-0_gamma0,Hop20Rep1-0,20,1,0,tdg_selection_no_candidate_vs_random,1024,45,0,90,15,70,0,5
Hop20Rep1-0_gamma25,Hop20Rep1-0,20,1,0,tdg_selection_no_candidate_vs_random,1024,45,25,90,15,70,0,5
Hop20Rep1-0_gamma50,Hop20Rep1-0,20,1,0,tdg_selection_no_candidate_vs_random,1024,45,50,90,15,70,0,5
Hop20Rep1-0_gamma75,Hop20Rep1-0,20,1,0,tdg_selection_no_candidate_vs_random,1024,45,75,90,15,70,0,5
Hop20Rep1-0_gamma100,Hop20Rep1-0,20,1,0,tdg_selection_no_candidate_vs_random,1024,45,100,90,15,70,0,5
Hop20Rep1-1_gamma0,Hop20Rep1-1,20,1,1,tdg_selection_no_candidate_vs_random,1024,45,0,90,15,70,0,5
Hop20Rep1-1_gamma25,Hop20Rep1-1,20,1,1,tdg_selection_no_candidate_vs_random,1024,45,25,90,15,70,0,5
Hop20Rep1-1_gamma50,Hop20Rep1-1,20,1,1,tdg_selection_no_candidate_vs_random,1024,45,50,90,15,70,0,5
Hop20Rep1-1_gamma75,Hop20Rep1-1,20,1,1,tdg_selection_no_candidate_vs_random,1024,45,75,90,15,70,0,5
Hop20Rep1-1_gamma100,Hop20Rep1-1,20,1,1,tdg_selection_no_candidate_vs_random,1024,45,100,90,15,70,0,5
Hop20Rep1-2_gamma0,Hop20Rep1-2,20,1,2,tdg_selection_no_candidate_vs_random,1024,45,0,90,15,70,0,5
Hop20Rep1-2_gamma25,Hop20Rep1-2,20,1,2,tdg_selection_no_candidate_vs_random,1024,45,25,90,15,70,0,5
Hop20Rep1-2_gamma50,Hop20Rep1-2,20,1,2,tdg_selection_no_candidate_vs_random,1024,45,50,90,15,70,0,5
Hop20Rep1-2_gamma75,Hop20Rep1-2,20,1,2,tdg_selection_no_candidate_vs_random,1024,45,75,90,15,70,0,5
Hop20Rep1-2_gamma100,Hop20Rep1-2,20,1,2,tdg_selection_no_candidate_vs_random,1024,45,100,90,15,70,0,5
Hop20Rep1-3_gamma0,Hop20Rep1-3,20,1,3,tdg_selection_no_candidate_vs_random,1024,45,0,90,15,70,0,5
Hop20Rep1-3_gamma25,Hop20Rep1-3,20,1,3,tdg_selection_no_candidate_vs_random,1024,45,25,90,15,70,0,5
Hop20Rep1-3_gamma50,Hop20Rep1-3,20,1,3,tdg_selection_no_candidate_vs_random,1024,45,50,90,15,70,0,5
Hop20Rep1-3_gamma75,Hop20Rep1-3,20,1,3,tdg_selection_no_candidate_vs_random,1024,45,75,90,15,70,0,5
Hop20Rep1-3_gamma100,Hop20Rep1-3,20,1,3,tdg_selection_no_candidate_vs_random,1024,45,100,90,15,70,0,5
Hop20Rep1-4_gamma0,Hop20Rep1-4,20,1,4,tdg_selection_no_candidate_vs_random,1024,45,0,90,15,70,0,5
Hop20Rep1-4_gamma25,Hop20Rep1-4,20,1,4,tdg_selection_no_candidate_vs_random,1024,45,25,90,15,70,0,5
Hop20Rep1-4_gamma50,Hop20Rep1-4,20,1,4,tdg_selection_no_candidate_vs_random,1024,45,50,90,15,70,0,5
Hop20Rep1-4_gamma75,Hop20Rep1-4,20,1,4,tdg_selection_no_candidate_vs_random,1024,45,75,90,15,70,0,5
Hop20Rep1-4_gamma100,Hop20Rep1-4,20,1,4,tdg_selection_no_candidate_vs_random,1024,45,100,90,15,70,0,5
Hop20Rep1-5_gamma0,Hop20Rep1-5,20,1,5,tdg_selection_no_candidate_vs_random,1024,45,0,90,15,70,0,5
Hop20Rep1-5_gamma25,Hop20Rep1-5,20,1,5,tdg_selection_no_candidate_vs_random,1024,45,25,90,15,70,0,5
Hop20Rep1-5_gamma50,Hop20Rep1-5,20,1,5,tdg_selection_no_candidate_vs_random,1024,45,50,90,15,70,0,5
Hop20Rep1-5_gamma75,Hop20Rep1-5,20,1,5,tdg_selection_no_candidate_vs_random,1024,45,75,90,15,70,0,5
Hop20Rep1-5_gamma100,Hop20Rep1-5,20,1,5,tdg_selection_no_candidate_vs_random,1024,45,100,90,15,70,0,5
Hop20Rep1-6_gamma0,Hop20Rep1-6,20,1,6,tdg_selection_no_candidate_vs_random,1024,45,0,90,15,70,0,5
Hop20Rep1-6_gamma25,Hop20Rep1-6,20,1,6,tdg_selection_no_candidate_vs_random,1024,45,25,90,15,70,0,5
Hop20Rep1-6_gamma50,Hop20Rep1-6,20,1,6,tdg_selection_no_candidate_vs_random,1024,45,50,90,15,70,0,5
Hop20Rep1-6_gamma75,Hop20Rep1-6,20,1,6,tdg_selection_no_candidate_vs_random,1024,45,75,90,15,70,0,5
Hop20Rep1-6_gamma100,Hop20Rep1-6,20,1,6,tdg_selection_no_candidate_vs_random,1024,45,100,90,15,70,0,5
Hop20Rep1-7_gamma0,Hop20Rep1-7,20,1,7,tdg_selection_no_candidate_vs_random,1024,45,0,90,15,70,0,5
Hop20Rep1-7_gamma25,Hop20Rep1-7,20,1,7,tdg_selection_no_candidate_vs_random,1024,45,25,90,15,70,0,5
Hop20Rep1-7_gamma50,Hop20Rep1-7,20,1,7,tdg_selection_no_candidate_vs_random,1024,45,50,90,15,70,0,5
Hop20Rep1-7_gamma75,Hop20Rep1-7,20,1,7,tdg_selection_no_candidate_vs_random,1024,45,75,90,15,70,0,5
Hop20Rep1-7_gamma100,Hop20Rep1-7,20,1,7,tdg_selection_no_candidate_vs_random,1024,45,100,90,15,70,0,5
Hop20Rep1-8_gamma0,Hop20Rep1-8,20,1,8,tdg_selection_no_candidate_vs_random,1024,45,0,90,15,70,0,5
Hop20Rep1-8_gamma25,Hop20Rep1-8,20,1,8,tdg_selection_no_candidate_vs_random,1024,45,25,90,15,70,0,5
Hop20Rep1-8_gamma50,Hop20Rep1-8,20,1,8,tdg_selection_no_candidate_vs_random,1024,45,50,90,15,70,0,5
Hop20Rep1-8_gamma75,Hop20Rep1-8,20,1,8,tdg_selection_no_candidate_vs_random,1024,45,75,90,15,70,0,5
Hop20Rep1-8_gamma100,Hop20Rep1-8,20,1,8,tdg_selection_no_candidate_vs_random,1024,45,100,90,15,70,0,5
Hop20Rep1-9_gamma0,Hop20Rep1-9,20,1,9,tdg_selection_no_candidate_vs_random,1024,45,0,90,15,70,0,5
Hop20Rep1-9_gamma25,Hop20Rep1-9,20,1,9,tdg_selection_no_candidate_vs_random,1024,45,25,90,15,70,0,5
Hop20Rep1-9_gamma50,Hop20Rep1-9,20,1,9,tdg_selection_no_candidate_vs_random,1024,45,50,90,15,70,0,5
Hop20Rep1-9_gamma75,Hop20Rep1-9,20,1,9,tdg_selection_no_candidate_vs_random,1024,45,75,90,15,70,0,5
Hop20Rep1-9_gamma100,Hop20Rep1-9,20,1,9,tdg_selection_no_candidate_vs_random,1024,45,100,90,15,70,0,5
Hop20Rep1-10_gamma0,Hop20Rep1-10,20,1,10,tdg_selection_no_candidate_vs_random,1024,45,0,90,15,70,0,5
Hop20Rep1-10_gamma25,Hop20Rep1-10,20,1,10,tdg_selection_no_candidate_vs_random,1024,45,25,90,15,70,0,5
Hop20Rep1-10_gamma50,Hop20Rep1-10,20,1,10,tdg_selection_no_candidate_vs_random,1024,45,50,90,15,70,0,5
Hop20Rep1-10_gamma75,Hop20Rep1-10,20,1,10,tdg_selection_no_candidate_vs_random,1024,45,75,90,15,70,0,5
Hop20Rep1-10_gamma100,Hop20Rep1-10,20,1,10,tdg_selection_no_candidate_vs_random,1024,45,100,90,15,70,0,5
Hop20Rep1-11_gamma0,Hop20Rep1-11,20,1,11,tdg_selection_no_candidate_vs_random,1024,45,0,90,15,70,0,5
Hop20Rep1-11_gamma25,Hop20Rep1-11,20,1,11,tdg_selection_no_candidate_vs_random,1024,45,25,90,15,70,0,5
Hop20Rep1-11_gamma50,Hop20Rep1-11,20,1,11,tdg_selection_no_candidate_vs_random,1024,45,50,90,15,70,0,5
Hop20Rep1-11_gamma75,Hop20Rep1-11,20,1,11,tdg_selection_no_candidate_vs_random,1024,45,75,90,15,70,0,5
Hop20Rep1-11_gamma100,Hop20Rep1-11,20,1,11,tdg_selection_no_candidate_vs_random,1024,45,100,90,15,70,0,5
Hop20Rep1-12_gamma0,Hop20Rep1-12,20,1,12,tdg_selection_no_candidate_vs_random,1024,45,0,90,15,70,0,5
Hop20Rep1-12_gamma25,Hop20Rep1-12,20,1,12,tdg_selection_no_candidate_vs_random,1024,45,25,90,15,70,0,5
Hop20Rep1-12_gamma50,Hop20Rep1-12,20,1,12,tdg_selection_no_candidate_vs_random,1024,45,50,90,15,70,0,5
Hop20Rep1-12_gamma75,Hop20Rep1-12,20,1,12,tdg_selection_no_candidate_vs_random,1024,45,75,90,15,70,0,5
Hop20Rep1-12_gamma100,Hop20Rep1-12,20,1,12,tdg_selection_no_candidate_vs_random,1024,45,100,90,15,70,0,5
Hop20Rep1-13_gamma0,Hop20Rep1-13,20,1,13,tdg_selection_no_candidate_vs_random,1024,45,0,90,15,70,0,5
Hop20Rep1-13_gamma25,Hop20Rep1-13,20,1,13,tdg_selection_no_candidate_vs_random,1024,45,25,90,15,70,0,5
Hop20Rep1-13_gamma50,Hop20Rep1-13,20,1,13,tdg_selection_no_candidate_vs_random,1024,45,50,90,15,70,0,5
Hop20Rep1-13_gamma75,Hop20Rep1-13,20,1,13,tdg_selection_no_candidate_vs_random,1024,45,75,90,15,70,0,5
Hop20Rep1-13_gamma100,Hop20Rep1-13,20,1,13,tdg_selection_no_candidate_vs_random,1024,45,100,90,15,70,0,5
Hop20Rep1-14_gamma0,Hop20Rep1-14,20,1,14,tdg_selection_no_candidate_vs_random,1024,45,0,90,15,70,0,5
Hop20Rep1-14_gamma25,Hop20Rep1-14,20,1,14,tdg_selection_no_candidate_vs_random,1024,45,25,90,15,70,0,5
Hop20Rep1-14_gamma50,Hop20Rep1-14,20,1,14,tdg_selection_no_candidate_vs_random,1024,45,50,90,15,70,0,5
Hop20Rep1-14_gamma75,Hop20Rep1-14,20,1,14,tdg_selection_no_candidate_vs_random,1024,45,75,90,15,70,0,5
Hop20Rep1-14_gamma100,Hop20Rep1-14,20,1,14,tdg_selection_no_candidate_vs_random,1024,45,100,90,15,70,0,5
Hop20Rep1-15_gamma0,Hop20Rep1-15,20,1,15,tdg_selection_no_candidate_vs_random,1024,45,0,90,15,70,0,5
Hop20Rep1-15_gamma25,Hop20Rep1-15,20,1,15,tdg_selection_no_candidate_vs_random,1024,45,25,90,15,70,0,5
Hop20Rep1-15_gamma50,Hop20Rep1-15,20,1,15,tdg_selection_no_candidate_vs_random,1024,45,50,90,15,70,0,5
Hop20Rep1-15_gamma75,Hop20Rep1-15,20,1,15,tdg_selection_no_candidate_vs_random,1024,45,75,90,15,70,0,5
Hop20Rep1-15_gamma100,Hop20Rep1-15,20,1,15,tdg_selection_no_candidate_vs_random,1024,45,100,90,15,70,0,5
Hop20Rep1-16_gamma0,Hop20Rep1-16,20,1,16,tdg_selection_no_candidate_vs_random,1024,45,0,90,15,70,0,5
Hop20Rep1-16_gamma25,Hop20Rep1-16,20,1,16,tdg_selection_no_candidate_vs_random,1024,45,25,90,15,70,0,5
Hop20Rep1-16_gamma50,Hop20Rep1-16,20,1,16,tdg_selection_no_candidate_vs_random,1024,45,50,90,15,70,0,5
Hop20Rep1-16_gamma75,Hop20Rep1-16,20,1,16,tdg_selection_no_candidate_vs_random,1024,45,75,90,15,70,0,5
Hop20Rep1-16_gamma100,Hop20Rep1-16,20,1,16,tdg_selection_no_candidate_vs_random,1024,45,100,90,15,70,0,5
Hop20Rep1-17_gamma0,Hop20Rep1-17,20,1,17,tdg_selection_no_candidate_vs_random,1024,45,0,90,15,70,0,5
Hop20Rep1-17_gamma25,Hop20Rep1-17,20,1,17,tdg_selection_no_candidate_vs_random,1024,45,25,90,15,70,0,5
Hop20Rep1-17_gamma50,Hop20Rep1-17,20,1,17,tdg_selection_no_candidate_vs_random,1024,45,50,90,15,70,0,5
Hop20Rep1-17_gamma75,Hop20Rep1-17,20,1,17,tdg_selection_no_candidate_vs_random,1024,45,75,90,15,70,0,5
Hop20Rep1-17_gamma100,Hop20Rep1-17,20,1,17,tdg_selection_no_candidate_vs_random,1024,45,100,90,15,70,0,5
Hop20Rep1-18_gamma0,Hop20Rep1-18,20,1,18,tdg_selection_no_candidate_vs_random,1024,45,0,90,15,70,0,5
Hop20Rep1-18_gamma25,Hop20Rep1-18,20,1,18,tdg_selection_no_candidate_vs_random,1024,45,25,90,15,70,0,5
Hop20Rep1-18_gamma50,Hop20Rep1-18,20,1,18,tdg_selection_no_candidate_vs_random,1024,45,50,90,15,70,0,5
Hop20Rep1-18_gamma75,Hop20Rep1-18,20,1,18,tdg_selection_no_candidate_vs_random,1024,45,75,90,15,70,0,5
Hop20Rep1-18_gamma100,Hop20Rep1-18,20,1,18,tdg_selection_no_candidate_vs_random,1024,45,100,90,15,70,0,5
Hop20Rep1-19_gamma0,Hop20Rep1-19,20,1,19,tdg_selection_no_candidate_vs_random,1024,45,0,90,15,70,0,5
Hop20Rep1-19_gamma25,Hop20Rep1-19,20,1,19,tdg_selection_no_candidate_vs_random,1024,45,25,90,15,70,0,5
Hop20Rep1-19_gamma50,Hop20Rep1-19,20,1,19,tdg_selection_no_candidate_vs_random,1024,45,50,90,15,70,0,5
Hop20Rep1-19_gamma75,Hop20Rep1-19,20,1,19,tdg_selection_no_candidate_vs_random,1024,45,75,90,15,70,0,5
Hop20Rep1-19_gamma100,Hop20Rep1-19,20,1,19,tdg_selection_no_candidate_vs_random,1024,45,100,90,15,70,0,5
Hop20Rep2-0_gamma0,Hop20Rep2-0,20,2,0,tdg_selection_no_candidate_vs_random,2048,45,0,90,15,70,0,5
Hop20Rep2-0_gamma25,Hop20Rep2-0,20,2,0,tdg_selection_no_candidate_vs_random,2048,45,25,90,15,70,0,5
Hop20Rep2-0_gamma50,Hop20Rep2-0,20,2,0,tdg_selection_no_candidate_vs_random,2048,45,50,90,15,70,0,5
Hop20Rep2-0_gamma75,Hop20Rep2-0,20,2,0,tdg_selection_no_candidate_vs_random,2048,45,75,90,15,70,0,5
Hop20Rep2-0_gamma100,Hop20Rep2-0,20,2,0,tdg_selection_no_candidate_vs_random,2048,45,100,90,15,70,0,5
Hop20Rep2-1_gamma0,Hop20Rep2-1,20,2,1,tdg_selection_no_candidate_vs_random,2048,45,0,90,15,70,0,5
Hop20Rep2-1_gamma25,Hop20Rep2-1,20,2,1,tdg_selection_no_candidate_vs_random,2048,45,25,90,15,70,0,5
Hop20Rep2-1_gamma50,Hop20Rep2-1,20,2,1,tdg_selection_no_candidate_vs_random,2048,45,50,90,15,70,0,5
Hop20Rep2-1_gamma75,Hop20Rep2-1,20,2,1,tdg_selection_no_candidate_vs_random,2048,45,75,90,15,70,0,5
Hop20Rep2-1_gamma100,Hop20Rep2-1,20,2,1,tdg_selection_no_candidate_vs_random,2048,45,100,90,15,70,0,5
Hop20Rep2-2_gamma0,Hop20Rep2-2,20,2,2,tdg_selection_no_candidate_vs_random,2048,45,0,90,15,70,0,5
Hop20Rep2-2_gamma25,Hop20Rep2-2,20,2,2,tdg_selection_no_candidate_vs_random,2048,45,25,90,15,70,0,5
Hop20Rep2-2_gamma50,Hop20Rep2-2,20,2,2,tdg_selection_no_candidate_vs_random,2048,45,50,90,15,70,0,5
Hop20Rep2-2_gamma75,Hop20Rep2-2,20,2,2,tdg_selection_no_candidate_vs_random,2048,45,75,90,15,70,0,5
Hop20Rep2-2_gamma100,Hop20Rep2-2,20,2,2,tdg_selection_no_candidate_vs_random,2048,45,100,90,15,70,0,5
Hop20Rep2-3_gamma0,Hop20Rep2-3,20,2,3,tdg_selection_no_candidate_vs_random,2048,45,0,90,15,70,0,5
Hop20Rep2-3_gamma25,Hop20Rep2-3,20,2,3,tdg_selection_no_candidate_vs_random,2048,45,25,90,15,70,0,5
Hop20Rep2-3_gamma50,Hop20Rep2-3,20,2,3,tdg_selection_no_candidate_vs_random,2048,45,50,90,15,70,0,5
Hop20Rep2-3_gamma75,Hop20Rep2-3,20,2,3,tdg_selection_no_candidate_vs_random,2048,45,75,90,15,70,0,5
Hop20Rep2-3_gamma100,Hop20Rep2-3,20,2,3,tdg_selection_no_candidate_vs_random,2048,45,100,90,15,70,0,5
Hop20Rep2-4_gamma0,Hop20Rep2-4,20,2,4,tdg_selection_no_candidate_vs_random,2048,45,0,90,15,70,0,5
Hop20Rep2-4_gamma25,Hop20Rep2-4,20,2,4,tdg_selection_no_candidate_vs_random,2048,45,25,90,15,70,0,5
Hop20Rep2-4_gamma50,Hop20Rep2-4,20,2,4,tdg_selection_no_candidate_vs_random,2048,45,50,90,15,70,0,5
Hop20Rep2-4_gamma75,Hop20Rep2-4,20,2,4,tdg_selection_no_candidate_vs_random,2048,45,75,90,15,70,0,5
Hop20Rep2-4_gamma100,Hop20Rep2-4,20,2,4,tdg_selection_no_candidate_vs_random,2048,45,100,90,15,70,0,5
Hop20Rep2-5_gamma0,Hop20Rep2-5,20,2,5,tdg_selection_no_candidate_vs_random,2048,45,0,90,15,70,0,5
Hop20Rep2-5_gamma25,Hop20Rep2-5,20,2,5,tdg_selection_no_candidate_vs_random,2048,45,25,90,15,70,0,5
Hop20Rep2-5_gamma50,Hop20Rep2-5,20,2,5,tdg_selection_no_candidate_vs_random,2048,45,50,90,15,70,0,5
Hop20Rep2-5_gamma75,Hop20Rep2-5,20,2,5,tdg_selection_no_candidate_vs_random,2048,45,75,90,15,70,0,5
Hop20Rep2-5_gamma100,Hop20Rep2-5,20,2,5,tdg_selection_no_candidate_vs_random,2048,45,100,90,15,70,0,5
Hop20Rep2-6_gamma0,Hop20Rep2-6,20,2,6,tdg_selection_no_candidate_vs_random,2048,45,0,90,15,70,0,5
Hop20Rep2-6_gamma25,Hop20Rep2-6,20,2,6,tdg_selection_no_candidate_vs_random,2048,45,25,90,15,70,0,5
Hop20Rep2-6_gamma50,Hop20Rep2-6,20,2,6,tdg_selection_no_candidate_vs_random,2048,45,50,90,15,70,0,5
Hop20Rep2-6_gamma75,Hop20Rep2-6,20,2,6,tdg_selection_no_candidate_vs_random,2048,45,75,90,15,70,0,5
Hop20Rep2-6_gamma100,Hop20Rep2-6,20,2,6,tdg_selection_no_candidate_vs_random,2048,45,100,90,15,70,0,5
Hop20Rep2-7_gamma0,Hop20Rep2-7,20,2,7,tdg_selection_no_candidate_vs_random,2048,45,0,90,15,70,0,5
Hop20Rep2-7_gamma25,Hop20Rep2-7,20,2,7,tdg_selection_no_candidate_vs_random,2048,45,25,90,15,70,0,5
Hop20Rep2-7_gamma50,Hop20Rep2-7,20,2,7,tdg_selection_no_candidate_vs_random,2048,45,50,90,15,70,0,5
Hop20Rep2-7_gamma75,Hop20Rep2-7,20,2,7,tdg_selection_no_candidate_vs_random,2048,45,75,90,15,70,0,5
Hop20Rep2-7_gamma100,Hop20Rep2-7,20,2,7,tdg_selection_no_candidate_vs_random,2048,45,100,90,15,70,0,5
Hop20Rep2-8_gamma0,Hop20Rep2-8,20,2,8,tdg_selection_no_candidate_vs_random,2048,45,0,90,15,70,0,5
Hop20Rep2-8_gamma25,Hop20Rep2-8,20,2,8,tdg_selection_no_candidate_vs_random,2048,45,25,90,15,70,0,5
Hop20Rep2-8_gamma50,Hop20Rep2-8,20,2,8,tdg_selection_no_candidate_vs_random,2048,45,50,90,15,70,0,5
Hop20Rep2-8_gamma75,Hop20Rep2-8,20,2,8,tdg_selection_no_candidate_vs_random,2048,45,75,90,15,70,0,5
Hop20Rep2-8_gamma100,Hop20Rep2-8,20,2,8,tdg_selection_no_candidate_vs_random,2048,45,100,90,15,70,0,5
Hop20Rep2-9_gamma0,Hop20Rep2-9,20,2,9,tdg_selection_no_candidate_vs_random,2048,45,0,90,15,70,0,5
Hop20Rep2-9_gamma25,Hop20Rep2-9,20,2,9,tdg_selection_no_candidate_vs_random,2048,45,25,90,15,70,0,5
Hop20Rep2-9_gamma50,Hop20Rep2-9,20,2,9,tdg_selection_no_candidate_vs_random,2048,45,50,90,15,70,0,5
Hop20Rep2-9_gamma75,Hop20Rep2-9,20,2,9,tdg_selection_no_candidate_vs_random,2048,45,75,90,15,70,0,5
Hop20Rep2-9_gamma100,Hop20Rep2-9,20,2,9,tdg_selection_no_candidate_vs_random,2048,45,100,90,15,70,0,5
Hop20Rep2-10_gamma0,Hop20Rep2-10,20,2,10,tdg_selection_no_candidate_vs_random,2048,45,0,90,15,70,0,5
Hop20Rep2-10_gamma25,Hop20Rep2-10,20,2,10,tdg_selection_no_candidate_vs_random,2048,45,25,90,15,70,0,5
Hop20Rep2-10_gamma50,Hop20Rep2-10,20,2,10,tdg_selection_no_candidate_vs_random,2048,45,50,90,15,70,0,5
Hop20Rep2-10_gamma75,Hop20Rep2-10,20,2,10,tdg_selection_no_candidate_vs_random,2048,45,75,90,15,70,0,5
Hop20Rep2-10_gamma100,Hop20Rep2-10,20,2,10,tdg_selection_no_candidate_vs_random,2048,45,100,90,15,70,0,5
Hop20Rep2-11_gamma0,Hop20Rep2-11,20,2,11,tdg_selection_no_candidate_vs_random,2048,45,0,90,15,70,0,5
Hop20Rep2-11_gamma25,Hop20Rep2-11,20,2,11,tdg_selection_no_candidate_vs_random,2048,45,25,90,15,70,0,5
Hop20Rep2-11_gamma50,Hop20Rep2-11,20,2,11,tdg_selection_no_candidate_vs_random,2048,45,50,90,15,70,0,5
Hop20Rep2-11_gamma75,Hop20Rep2-11,20,2,11,tdg_selection_no_candidate_vs_random,2048,45,75,90,15,70,0,5
Hop20Rep2-11_gamma100,Hop20Rep2-11,20,2,11,tdg_selection_no_candidate_vs_random,2048,45,100,90,15,70,0,5
Hop20Rep2-12_gamma0,Hop20Rep2-12,20,2,12,tdg_selection_no_candidate_vs_random,2048,45,0,90,15,70,0,5
Hop20Rep2-12_gamma25,Hop20Rep2-12,20,2,12,tdg_selection_no_candidate_vs_random,2048,45,25,90,15,70,0,5
Hop20Rep2-12_gamma50,Hop20Rep2-12,20,2,12,tdg_selection_no_candidate_vs_random,2048,45,50,90,15,70,0,5
Hop20Rep2-12_gamma75,Hop20Rep2-12,20,2,12,tdg_selection_no_candidate_vs_random,2048,45,75,90,15,70,0,5
Hop20Rep2-12_gamma100,Hop20Rep2-12,20,2,12,tdg_selection_no_candidate_vs_random,2048,45,100,90,15,70,0,5
Hop20Rep2-13_gamma0,Hop20Rep2-13,20,2,13,tdg_selection_no_candidate_vs_random,2048,45,0,90,15,70,0,5
Hop20Rep2-13_gamma25,Hop20Rep2-13,20,2,13,tdg_selection_no_candidate_vs_random,2048,45,25,90,15,70,0,5
Hop20Rep2-13_gamma50,Hop20Rep2-13,20,2,13,tdg_selection_no_candidate_vs_random,2048,45,50,90,15,70,0,5
Hop20Rep2-13_gamma75,Hop20Rep2-13,20,2,13,tdg_selection_no_candidate_vs_random,2048,45,75,90,15,70,0,5
Hop20Rep2-13_gamma100,Hop20Rep2-13,20,2,13,tdg_selection_no_candidate_vs_random,2048,45,100,90,15,70,0,5
Hop20Rep2-14_gamma0,Hop20Rep2-14,20,2,14,tdg_selection_no_candidate_vs_random,2048,45,0,90,15,70,0,5
Hop20Rep2-14_gamma25,Hop20Rep2-14,20,2,14,tdg_selection_no_candidate_vs_random,2048,45,25,90,15,70,0,5
Hop20Rep2-14_gamma50,Hop20Rep2-14,20,2,14,tdg_selection_no_candidate_vs_random,2048,45,50,90,15,70,0,5
Hop20Rep2-14_gamma75,Hop20Rep2-14,20,2,14,tdg_selection_no_candidate_vs_random,2048,45,75,90,15,70,0,5
Hop20Rep2-14_gamma100,Hop20Rep2-14,20,2,14,tdg_selection_no_candidate_vs_random,2048,45,100,90,15,70,0,5
Hop20Rep2-15_gamma0,Hop20Rep2-15,20,2,15,tdg_selection_no_candidate_vs_random,2048,45,0,90,15,70,0,5
Hop20Rep2-15_gamma25,Hop20Rep2-15,20,2,15,tdg_selection_no_candidate_vs_random,2048,45,25,90,15,70,0,5
Hop20Rep2-15_gamma50,Hop20Rep2-15,20,2,15,tdg_selection_no_candidate_vs_random,2048,45,50,90,15,70,0,5
Hop20Rep2-15_gamma75,Hop20Rep2-15,20,2,15,tdg_selection_no_candidate_vs_random,2048,45,75,90,15,70,0,5
Hop20Rep2-15_gamma100,Hop20Rep2-15,20,2,15,tdg_selection_no_candidate_vs_random,2048,45,100,90,15,70,0,5
Hop20Rep2-16_gamma0,Hop20Rep2-16,20,2,16,tdg_selection_no_candidate_vs_random,2048,45,0,90,15,70,0,5
Hop20Rep2-16_gamma25,Hop20Rep2-16,20,2,16,tdg_selection_no_candidate_vs_random,2048,45,25,90,15,70,0,5
Hop20Rep2-16_gamma50,Hop20Rep2-16,20,2,16,tdg_selection_no_candidate_vs_random,2048,45,50,90,15,70,0,5
Hop20Rep2-16_gamma75,Hop20Rep2-16,20,2,16,tdg_selection_no_candidate_vs_random,2048,45,75,90,15,70,0,5
Hop20Rep2-16_gamma100,Hop20Rep2-16,20,2,16,tdg_selection_no_candidate_vs_random,2048,45,100,90,15,70,0,5
Hop20Rep2-17_gamma0,Hop20Rep2-17,20,2,17,tdg_selection_no_candidate_vs_random,2048,45,0,90,15,70,0,5
Hop20Rep2-17_gamma25,Hop20Rep2-17,20,2,17,tdg_selection_no_candidate_vs_random,2048,45,25,90,15,70,0,5
Hop20Rep2-17_gamma50,Hop20Rep2-17,20,2,17,tdg_selection_no_candidate_vs_random,2048,45,50,90,15,70,0,5
Hop20Rep2-17_gamma75,Hop20Rep2-17,20,2,17,tdg_selection_no_candidate_vs_random,2048,45,75,90,15,70,0,5
Hop20Rep2-17_gamma100,Hop20Rep2-17,20,2,17,tdg_selection_no_candidate_vs_random,2048,45,100,90,15,70,0,5
Hop20Rep2-18_gamma0,Hop20Rep2-18,20,2,18,tdg_selection_no_candidate_vs_random,2048,45,0,90,15,70,0,5
Hop20Rep2-18_gamma25,Hop20Rep2-18,20,2,18,tdg_selection_no_candidate_vs_random,2048,45,25,90,15,70,0,5
Hop20Rep2-18_gamma50,Hop20Rep2-18,20,2,18,tdg_selection_no_candidate_vs_random,2048,45,50,90,15,70,0,5
Hop20Rep2-18_gamma75,Hop20Rep2-18,20,2,18,tdg_selection_no_candidate_vs_random,2048,45,75,90,15,70,0,5
Hop20Rep2-18_gamma100,Hop20Rep2-18,20,2,18,tdg_selection_no_candidate_vs_random,2048,45,100,90,15,70,0,5
Hop20Rep2-19_gamma0,Hop20Rep2-19,20,2,19,tdg_selection_no_candidate_vs_random,2048,45,0,90,15,70,0,5
Hop20Rep2-19_gamma25,Hop20Rep2-19,20,2,19,tdg_selection_no_candidate_vs_random,2048,45,25,90,15,70,0,5
Hop20Rep2-19_gamma50,Hop20Rep2-19,20,2,19,tdg_selection_no_candidate_vs_random,2048,45,50,90,15,70,0,5
Hop20Rep2-19_gamma75,Hop20Rep2-19,20,2,19,tdg_selection_no_candidate_vs_random,2048,45,75,90,15,70,0,5
Hop20Rep2-19_gamma100,Hop20Rep2-19,20,2,19,tdg_selection_no_candidate_vs_random,2048,45,100,90,15,70,0,5
Hop20Rep4-0_gamma0,Hop20Rep4-0,20,4,0,tdg_selection_no_candidate_vs_random,4096,45,0,90,15,70,0,5
Hop20Rep4-0_gamma25,Hop20Rep4-0,20,4,0,tdg_selection_no_candidate_vs_random,4096,45,25,90,15,70,0,5
Hop20Rep4-0_gamma50,Hop20Rep4-0,20,4,0,tdg_selection_no_candidate_vs_random,4096,45,50,90,15,70,0,5
Hop20Rep4-0_gamma75,Hop20Rep4-0,20,4,0,tdg_selection_no_candidate_vs_random,4096,45,75,90,15,70,0,5
Hop20Rep4-0_gamma100,Hop20Rep4-0,20,4,0,tdg_selection_no_candidate_vs_random,4096,45,100,90,15,70,0,5
Hop20Rep4-1_gamma0,Hop20Rep4-1,20,4,1,tdg_selection_no_candidate_vs_random,4096,45,0,90,15,70,0,5
Hop20Rep4-1_gamma25,Hop20Rep4-1,20,4,1,tdg_selection_no_candidate_vs_random,4096,45,25,90,15,70,0,5
Hop20Rep4-1_gamma50,Hop20Rep4-1,20,4,1,tdg_selection_no_candidate_vs_random,4096,45,50,90,15,70,0,5
Hop20Rep4-1_gamma75,Hop20Rep4-1,20,4,1,tdg_selection_no_candidate_vs_random,4096,45,75,90,15,70,0,5
Hop20Rep4-1_gamma100,Hop20Rep4-1,20,4,1,tdg_selection_no_candidate_vs_random,4096,45,100,90,15,70,0,5
Hop20Rep4-2_gamma0,Hop20Rep4-2,20,4,2,tdg_selection_no_candidate_vs_random,4096,45,0,90,15,70,0,5
Hop20Rep4-2_gamma25,Hop20Rep4-2,20,4,2,tdg_selection_no_candidate_vs_random,4096,45,25,90,15,70,0,5
Hop20Rep4-2_gamma50,Hop20Rep4-2,20,4,2,tdg_selection_no_candidate_vs_random,4096,45,50,90,15,70,0,5
Hop20Rep4-2_gamma75,Hop20Rep4-2,20,4,2,tdg_selection_no_candidate_vs_random,4096,45,75,90,15,70,0,5
Hop20Rep4-2_gamma100,Hop20Rep4-2,20,4,2,tdg_selection_no_candidate_vs_random,4096,45,100,90,15,70,0,5
Hop20Rep4-3_gamma0,Hop20Rep4-3,20,4,3,tdg_selection_no_candidate_vs_random,4096,45,0,90,15,70,0,5
Hop20Rep4-3_gamma25,Hop20Rep4-3,20,4,3,tdg_selection_no_candidate_vs_random,4096,45,25,90,15,70,0,5
Hop20Rep4-3_gamma50,Hop20Rep4-3,20,4,3,tdg_selection_no_candidate_vs_random,4096,45,50,90,15,70,0,5
Hop20Rep4-3_gamma75,Hop20Rep4-3,20,4,3,tdg_selection_no_candidate_vs_random,4096,45,75,90,15,70,0,5
Hop20Rep4-3_gamma100,Hop20Rep4-3,20,4,3,tdg_selection_no_candidate_vs_random,4096,45,100,90,15,70,0,5
Hop20Rep4-4_gamma0,Hop20Rep4-4,20,4,4,tdg_selection_no_candidate_vs_random,4096,45,0,90,15,70,0,5
Hop20Rep4-4_gamma25,Hop20Rep4-4,20,4,4,tdg_selection_no_candidate_vs_random,4096,45,25,90,15,70,0,5
Hop20Rep4-4_gamma50,Hop20Rep4-4,20,4,4,tdg_selection_no_candidate_vs_random,4096,45,50,90,15,70,0,5
Hop20Rep4-4_gamma75,Hop20Rep4-4,20,4,4,tdg_selection_no_candidate_vs_random,4096,45,75,90,15,70,0,5
Hop20Rep4-4_gamma100,Hop20Rep4-4,20,4,4,tdg_selection_no_candidate_vs_random,4096,45,100,90,15,70,0,5
Hop20Rep4-5_gamma0,Hop20Rep4-5,20,4,5,tdg_selection_no_candidate_vs_random,4096,45,0,90,15,70,0,5
Hop20Rep4-5_gamma25,Hop20Rep4-5,20,4,5,tdg_selection_no_candidate_vs_random,4096,45,25,90,15,70,0,5
Hop20Rep4-5_gamma50,Hop20Rep4-5,20,4,5,tdg_selection_no_candidate_vs_random,4096,45,50,90,15,70,0,5
Hop20Rep4-5_gamma75,Hop20Rep4-5,20,4,5,tdg_selection_no_candidate_vs_random,4096,45,75,90,15,70,0,5
Hop20Rep4-5_gamma100,Hop20Rep4-5,20,4,5,tdg_selection_no_candidate_vs_random,4096,45,100,90,15,70,0,5
Hop20Rep4-6_gamma0,Hop20Rep4-6,20,4,6,tdg_selection_no_candidate_vs_random,4096,45,0,90,15,70,0,5
Hop20Rep4-6_gamma25,Hop20Rep4-6,20,4,6,tdg_selection_no_candidate_vs_random,4096,45,25,90,15,70,0,5
Hop20Rep4-6_gamma50,Hop20Rep4-6,20,4,6,tdg_selection_no_candidate_vs_random,4096,45,50,90,15,70,0,5
Hop20Rep4-6_gamma75,Hop20Rep4-6,20,4,6,tdg_selection_no_candidate_vs_random,4096,45,75,90,15,70,0,5
Hop20Rep4-6_gamma100,Hop20Rep4-6,20,4,6,tdg_selection_no_candidate_vs_random,4096,45,100,90,15,70,0,5
Hop20Rep4-7_gamma0,Hop20Rep4-7,20,4,7,tdg_selection_no_candidate_vs_random,4096,45,0,90,15,70,0,5
Hop20Rep4-7_gamma25,Hop20Rep4-7,20,4,7,tdg_selection_no_candidate_vs_random,4096,45,25,90,15,70,0,5
Hop20Rep4-7_gamma50,Hop20Rep4-7,20,4,7,tdg_selection_no_candidate_vs_random,4096,45,50,90,15,70,0,5
Hop20Rep4-7_gamma75,Hop20Rep4-7,20,4,7,tdg_selection_no_candidate_vs_random,4096,45,75,90,15,70,0,5
Hop20Rep4-7_gamma100,Hop20Rep4-7,20,4,7,tdg_selection_no_candidate_vs_random,4096,45,100,90,15,70,0,5
Hop20Rep4-8_gamma0,Hop20Rep4-8,20,4,8,tdg_selection_no_candidate_vs_random,4096,45,0,90,15,70,0,5
Hop20Rep4-8_gamma25,Hop20Rep4-8,20,4,8,tdg_selection_no_candidate_vs_random,4096,45,25,90,15,70,0,5
Hop20Rep4-8_gamma50,Hop20Rep4-8,20,4,8,tdg_selection_no_candidate_vs_random,4096,45,50,90,15,70,0,5
Hop20Rep4-8_gamma75,Hop20Rep4-8,20,4,8,tdg_selection_no_candidate_vs_random,4096,45,75,90,15,70,0,5
Hop20Rep4-8_gamma100,Hop20Rep4-8,20,4,8,tdg_selection_no_candidate_vs_random,4096,45,100,90,15,70,0,5
Hop20Rep4-9_gamma0,Hop20Rep4-9,20,4,9,tdg_selection_no_candidate_vs_random,4096,45,0,90,15,70,0,5
Hop20Rep4-9_gamma25,Hop20Rep4-9,20,4,9,tdg_selection_no_candidate_vs_random,4096,45,25,90,15,70,0,5
Hop20Rep4-9_gamma50,Hop20Rep4-9,20,4,9,tdg_selection_no_candidate_vs_random,4096,45,50,90,15,70,0,5
Hop20Rep4-9_gamma75,Hop20Rep4-9,20,4,9,tdg_selection_no_candidate_vs_random,4096,45,75,90,15,70,0,5
Hop20Rep4-9_gamma100,Hop20Rep4-9,20,4,9,tdg_selection_no_candidate_vs_random,4096,45,100,90,15,70,0,5
Hop20Rep4-10_gamma0,Hop20Rep4-10,20,4,10,tdg_selection_no_candidate_vs_random,4096,45,0,90,15,70,0,5
Hop20Rep4-10_gamma25,Hop20Rep4-10,20,4,10,tdg_selection_no_candidate_vs_random,4096,45,25,90,15,70,0,5
Hop20Rep4-10_gamma50,Hop20Rep4-10,20,4,10,tdg_selection_no_candidate_vs_random,4096,45,50,90,15,70,0,5
Hop20Rep4-10_gamma75,Hop20Rep4-10,20,4,10,tdg_selection_no_candidate_vs_random,4096,45,75,90,15,70,0,5
Hop20Rep4-10_gamma100,Hop20Rep4-10,20,4,10,tdg_selection_no_candidate_vs_random,4096,45,100,90,15,70,0,5
Hop20Rep4-11_gamma0,Hop20Rep4-11,20,4,11,tdg_selection_no_candidate_vs_random,4096,45,0,90,15,70,0,5
Hop20Rep4-11_gamma25,Hop20Rep4-11,20,4,11,tdg_selection_no_candidate_vs_random,4096,45,25,90,15,70,0,5
Hop20Rep4-11_gamma50,Hop20Rep4-11,20,4,11,tdg_selection_no_candidate_vs_random,4096,45,50,90,15,70,0,5
Hop20Rep4-11_gamma75,Hop20Rep4-11,20,4,11,tdg_selection_no_candidate_vs_random,4096,45,75,90,15,70,0,5
Hop20Rep4-11_gamma100,Hop20Rep4-11,20,4,11,tdg_selection_no_candidate_vs_random,4096,45,100,90,15,70,0,5
Hop20Rep4-12_gamma0,Hop20Rep4-12,20,4,12,tdg_selection_no_candidate_vs_random,4096,45,0,90,15,70,0,5
Hop20Rep4-12_gamma25,Hop20Rep4-12,20,4,12,tdg_selection_no_candidate_vs_random,4096,45,25,90,15,70,0,5
Hop20Rep4-12_gamma50,Hop20Rep4-12,20,4,12,tdg_selection_no_candidate_vs_random,4096,45,50,90,15,70,0,5
Hop20Rep4-12_gamma75,Hop20Rep4-12,20,4,12,tdg_selection_no_candidate_vs_random,4096,45,75,90,15,70,0,5
Hop20Rep4-12_gamma100,Hop20Rep4-12,20,4,12,tdg_selection_no_candidate_vs_random,4096,45,100,90,15,70,0,5
Hop20Rep4-13_gamma0,Hop20Rep4-13,20,4,13,tdg_selection_no_candidate_vs_random,4096,45,0,90,15,70,0,5
Hop20Rep4-13_gamma25,Hop20Rep4-13,20,4,13,tdg_selection_no_candidate_vs_random,4096,45,25,90,15,70,0,5
Hop20Rep4-13_gamma50,Hop20Rep4-13,20,4,13,tdg_selection_no_candidate_vs_random,4096,45,50,90,15,70,0,5
Hop20Rep4-13_gamma75,Hop20Rep4-13,20,4,13,tdg_selection_no_candidate_vs_random,4096,45,75,90,15,70,0,5
Hop20Rep4-13_gamma100,Hop20Rep4-13,20,4,13,tdg_selection_no_candidate_vs_random,4096,45,100,90,15,70,0,5
Hop20Rep4-14_gamma0,Hop20Rep4-14,20,4,14,tdg_selection_no_candidate_vs_random,4096,45,0,90,15,70,0,5
Hop20Rep4-14_gamma25,Hop20Rep4-14,20,4,14,tdg_selection_no_candidate_vs_random,4096,45,25,90,15,70,0,5
Hop20Rep4-14_gamma50,Hop20Rep4-14,20,4,14,tdg_selection_no_candidate_vs_random,4096,45,50,90,15,70,0,5
Hop20Rep4-14_gamma75,Hop20Rep4-14,20,4,14,tdg_selection_no_candidate_vs_random,4096,45,75,90,15,70,0,5
Hop20Rep4-14_gamma100,Hop20Rep4-14,20,4,14,tdg_selection_no_candidate_vs_random,4096,45,100,90,15,70,0,5
Hop20Rep4-15_gamma0,Hop20Rep4-15,20,4,15,tdg_selection_no_candidate_vs_random,4096,45,0,90,15,70,0,5
Hop20Rep4-15_gamma25,Hop20Rep4-15,20,4,15,tdg_selection_no_candidate_vs_random,4096,45,25,90,15,70,0,5
Hop20Rep4-15_gamma50,Hop20Rep4-15,20,4,15,tdg_selection_no_candidate_vs_random,4096,45,50,90,15,70,0,5
Hop20Rep4-15_gamma75,Hop20Rep4-15,20,4,15,tdg_selection_no_candidate_vs_random,4096,45,75,90,15,70,0,5
Hop20Rep4-15_gamma100,Hop20Rep4-15,20,4,15,tdg_selection_no_candidate_vs_random,4096,45,100,90,15,70,0,5
Hop20Rep4-16_gamma0,Hop20Rep4-16,20,4,16,tdg_selection_no_candidate_vs_random,4096,45,0,90,15,70,0,5
Hop20Rep4-16_gamma25,Hop20Rep4-16,20,4,16,tdg_selection_no_candidate_vs_random,4096,45,25,90,15,70,0,5
Hop20Rep4-16_gamma50,Hop20Rep4-16,20,4,16,tdg_selection_no_candidate_vs_random,4096,45,50,90,15,70,0,5
Hop20Rep4-16_gamma75,Hop20Rep4-16,20,4,16,tdg_selection_no_candidate_vs_random,4096,45,75,90,15,70,0,5
Hop20Rep4-16_gamma100,Hop20Rep4-16,20,4,16,tdg_selection_no_candidate_vs_random,4096,45,100,90,15,70,0,5
Hop20Rep4-17_gamma0,Hop20Rep4-17,20,4,17,tdg_selection_no_candidate_vs_random,4096,45,0,90,15,70,0,5
Hop20Rep4-17_gamma25,Hop20Rep4-17,20,4,17,tdg_selection_no_candidate_vs_random,4096,45,25,90,15,70,0,5
Hop20Rep4-17_gamma50,Hop20Rep4-17,20,4,17,tdg_selection_no_candidate_vs_random,4096,45,50,90,15,70,0,5
Hop20Rep4-17_gamma75,Hop20Rep4-17,20,4,17,tdg_selection_no_candidate_vs_random,4096,45,75,90,15,70,0,5
Hop20Rep4-17_gamma100,Hop20Rep4-17,20,4,17,tdg_selection_no_candidate_vs_random,4096,45,100,90,15,70,0,5
Hop20Rep4-18_gamma0,Hop20Rep4-18,20,4,18,tdg_selection_no_candidate_vs_random,4096,45,0,90,15,70,0,5
Hop20Rep4-18_gamma25,Hop20Rep4-18,20,4,18,tdg_selection_no_candidate_vs_random,4096,45,25,90,15,70,0,5
Hop20Rep4-18_gamma50,Hop20Rep4-18,20,4,18,tdg_selection_no_candidate_vs_random,4096,45,50,90,15,70,0,5
Hop20Rep4-18_gamma75,Hop20Rep4-18,20,4,18,tdg_selection_no_candidate_vs_random,4096,45,75,90,15,70,0,5
Hop20Rep4-18_gamma100,Hop20Rep4-18,20,4,18,tdg_selection_no_candidate_vs_random,4096,45,100,90,15,70,0,5
Hop20Rep4-19_gamma0,Hop20Rep4-19,20,4,19,tdg_selection_no_candidate_vs_random,4096,45,0,90,15,70,0,5
Hop20Rep4-19_gamma25,Hop20Rep4-19,20,4,19,tdg_selection_no_candidate_vs_random,4096,45,25,90,15,70,0,5
Hop20Rep4-19_gamma50,Hop20Rep4-19,20,4,19,tdg_selection_no_candidate_vs_random,4096,45,50,90,15,70,0,5
Hop20Rep4-19_gamma75,Hop20Rep4-19,20,4,19,tdg_selection_no_candidate_vs_random,4096,45,75,90,15,70,0,5
Hop20Rep4-19_gamma100,Hop20Rep4-19,20,4,19,tdg_selection_no_candidate_vs_random,4096,45,100,90,15,70,0,5
Hop40Rep1-0_gamma0,Hop40Rep1-0,40,1,0,tdg_selection_no_candidate_vs_random,1024,45,0,90,15,70,0,5
Hop40Rep1-0_gamma25,Hop40Rep1-0,40,1,0,tdg_selection_no_candidate_vs_random,1024,45,25,90,15,70,0,5
Hop40Rep1-0_gamma50,Hop40Rep1-0,40,1,0,tdg_selection_no_candidate_vs_random,1024,45,50,90,15,70,0,5
Hop40Rep1-0_gamma75,Hop40Rep1-0,40,1,0,tdg_selection_no_candidate_vs_random,1024,45,75,90,15,70,0,5
Hop40Rep1-0_gamma100,Hop40Rep1-0,40,1,0,tdg_selection_no_candidate_vs_random,1024,45,100,90,15,70,0,5
Hop40Rep1-1_gamma0,Hop40Rep1-1,40,1,1,tdg_selection_no_candidate_vs_random,1024,45,0,90,15,70,0,5
Hop40Rep1-1_gamma25,Hop40Rep1-1,40,1,1,tdg_selection_no_candidate_vs_random,1024,45,25,90,15,70,0,5
Hop40Rep1-1_gamma50,Hop40Rep1-1,40,1,1,tdg_selection_no_candidate_vs_random,1024,45,50,90,15,70,0,5
Hop40Rep1-1_gamma75,Hop40Rep1-1,40,1,1,tdg_selection_no_candidate_vs_random,1024,45,75,90,15,70,0,5
Hop40Rep1-1_gamma100,Hop40Rep1-1,40,1,1,tdg_selection_no_candidate_vs_random,1024,45,100,90,15,70,0,5
Hop40Rep1-2_gamma0,Hop40Rep1-2,40,1,2,tdg_selection_no_candidate_vs_random,1024,45,0,90,15,70,0,5
Hop40Rep1-2_gamma25,Hop40Rep1-2,40,1,2,tdg_selection_no_candidate_vs_random,1024,45,25,90,15,70,0,5
Hop40Rep1-2_gamma50,Hop40Rep1-2,40,1,2,tdg_selection_no_candidate_vs_random,1024,45,50,90,15,70,0,5
Hop40Rep1-2_gamma75,Hop40Rep1-2,40,1,2,tdg_selection_no_candidate_vs_random,1024,45,75,90,15,70,0,5
Hop40Rep1-2_gamma100,Hop40Rep1-2,40,1,2,tdg_selection_no_candidate_vs_random,1024,45,100,90,15,70,0,5
Hop40Rep1-3_gamma0,Hop40Rep1-3,40,1,3,tdg_selection_no_candidate_vs_random,1024,45,0,90,15,70,0,5
Hop40Rep1-3_gamma25,Hop40Rep1-3,40,1,3,tdg_selection_no_candidate_vs_random,1024,45,25,90,15,70,0,5
Hop40Rep1-3_gamma50,Hop40Rep1-3,40,1,3,tdg_selection_no_candidate_vs_random,1024,45,50,90,15,70,0,5
Hop40Rep1-3_gamma75,Hop40Rep1-3,40,1,3,tdg_selection_no_candidate_vs_random,1024,45,75,90,15,70,0,5
Hop40Rep1-3_gamma100,Hop40Rep1-3,40,1,3,tdg_selection_no_candidate_vs_random,1024,45,100,90,15,70,0,5
Hop40Rep1-4_gamma0,Hop40Rep1-4,40,1,4,tdg_selection_no_candidate_vs_random,1024,45,0,90,15,70,0,5
Hop40Rep1-4_gamma25,Hop40Rep1-4,40,1,4,tdg_selection_no_candidate_vs_random,1024,45,25,90,15,70,0,5
Hop40Rep1-4_gamma50,Hop40Rep1-4,40,1,4,tdg_selection_no_candidate_vs_random,1024,45,50,90,15,70,0,5
Hop40Rep1-4_gamma75,Hop40Rep1-4,40,1,4,tdg_selection_no_candidate_vs_random,1024,45,75,90,15,70,0,5
Hop40Rep1-4_gamma100,Hop40Rep1-4,40,1,4,tdg_selection_no_candidate_vs_random,1024,45,100,90,15,70,0,5
Hop40Rep1-5_gamma0,Hop40Rep1-5,40,1,5,tdg_selection_no_candidate_vs_random,1024,45,0,90,15,70,0,5
Hop40Rep1-5_gamma25,Hop40Rep1-5,40,1,5,tdg_selection_no_candidate_vs_random,1024,45,25,90,15,70,0,5
Hop40Rep1-5_gamma50,Hop40Rep1-5,40,1,5,tdg_selection_no_candidate_vs_random,1024,45,50,90,15,70,0,5
Hop40Rep1-5_gamma75,Hop40Rep1-5,40,1,5,tdg_selection_no_candidate_vs_random,1024,45,75,90,15,70,0,5
Hop40Rep1-5_gamma100,Hop40Rep1-5,40,1,5,tdg_selection_no_candidate_vs_random,1024,45,100,90,15,70,0,5
Hop40Rep1-6_gamma0,Hop40Rep1-6,40,1,6,tdg_selection_no_candidate_vs_random,1024,45,0,90,15,70,0,5
Hop40Rep1-6_gamma25,Hop40Rep1-6,40,1,6,tdg_selection_no_candidate_vs_random,1024,45,25,90,15,70,0,5
Hop40Rep1-6_gamma50,Hop40Rep1-6,40,1,6,tdg_selection_no_candidate_vs_random,1024,45,50,90,15,70,0,5
Hop40Rep1-6_gamma75,Hop40Rep1-6,40,1,6,tdg_selection_no_candidate_vs_random,1024,45,75,90,15,70,0,5
Hop40Rep1-6_gamma100,Hop40Rep1-6,40,1,6,tdg_selection_no_candidate_vs_random,1024,45,100,90,15,70,0,5
Hop40Rep1-7_gamma0,Hop40Rep1-7,40,1,7,tdg_selection_no_candidate_vs_random,1024,45,0,90,15,70,0,5
Hop40Rep1-7_gamma25,Hop40Rep1-7,40,1,7,tdg_selection_no_candidate_vs_random,1024,45,25,90,15,70,0,5
Hop40Rep1-7_gamma50,Hop40Rep1-7,40,1,7,tdg_selection_no_candidate_vs_random,1024,45,50,90,15,70,0,5
Hop40Rep1-7_gamma75,Hop40Rep1-7,40,1,7,tdg_selection_no_candidate_vs_random,1024,45,75,90,15,70,0,5
Hop40Rep1-7_gamma100,Hop40Rep1-7,40,1,7,tdg_selection_no_candidate_vs_random,1024,45,100,90,15,70,0,5
Hop40Rep1-8_gamma0,Hop40Rep1-8,40,1,8,tdg_selection_no_candidate_vs_random,1024,45,0,90,15,70,0,5
Hop40Rep1-8_gamma25,Hop40Rep1-8,40,1,8,tdg_selection_no_candidate_vs_random,1024,45,25,90,15,70,0,5
Hop40Rep1-8_gamma50,Hop40Rep1-8,40,1,8,tdg_selection_no_candidate_vs_random,1024,45,50,90,15,70,0,5
Hop40Rep1-8_gamma75,Hop40Rep1-8,40,1,8,tdg_selection_no_candidate_vs_random,1024,45,75,90,15,70,0,5
Hop40Rep1-8_gamma100,Hop40Rep1-8,40,1,8,tdg_selection_no_candidate_vs_random,1024,45,100,90,15,70,0,5
Hop40Rep1-9_gamma0,Hop40Rep1-9,40,1,9,tdg_selection_no_candidate_vs_random,1024,45,0,90,15,70,0,5
Hop40Rep1-9_gamma25,Hop40Rep1-9,40,1,9,tdg_selection_no_candidate_vs_random,1024,45,25,90,15,70,0,5
Hop40Rep1-9_gamma50,Hop40Rep1-9,40,1,9,tdg_selection_no_candidate_vs_random,1024,45,50,90,15,70,0,5
Hop40Rep1-9_gamma75,Hop40Rep1-9,40,1,9,tdg_selection_no_candidate_vs_random,1024,45,75,90,15,70,0,5
Hop40Rep1-9_gamma100,Hop40Rep1-9,40,1,9,tdg_selection_no_candidate_vs_random,1024,45,100,90,15,70,0,5
Hop40Rep1-10_gamma0,Hop40Rep1-10,40,1,10,tdg_selection_no_candidate_vs_random,1024,45,0,90,15,70,0,5
Hop40Rep1-10_gamma25,Hop40Rep1-10,40,1,10,tdg_selection_no_candidate_vs_random,1024,45,25,90,15,70,0,5
Hop40Rep1-10_gamma50,Hop40Rep1-10,40,1,10,tdg_selection_no_candidate_vs_random,1024,45,50,90,15,70,0,5
Hop40Rep1-10_gamma75,Hop40Rep1-10,40,1,10,tdg_selection_no_candidate_vs_random,1024,45,75,90,15,70,0,5
Hop40Rep1-10_gamma100,Hop40Rep1-10,40,1,10,tdg_selection_no_candidate_vs_random,1024,45,100,90,15,70,0,5
Hop40Rep1-11_gamma0,Hop40Rep1-11,40,1,11,tdg_selection_no_candidate_vs_random,1024,45,0,90,15,70,0,5
Hop40Rep1-11_gamma25,Hop40Rep1-11,40,1,11,tdg_selection_no_candidate_vs_random,1024,45,25,90,15,70,0,5
Hop40Rep1-11_gamma50,Hop40Rep1-11,40,1,11,tdg_selection_no_candidate_vs_random,1024,45,50,90,15,70,0,5
Hop40Rep1-11_gamma75,Hop40Rep1-11,40,1,11,tdg_selection_no_candidate_vs_random,1024,45,75,90,15,70,0,5
Hop40Rep1-11_gamma100,Hop40Rep1-11,40,1,11,tdg_selection_no_candidate_vs_random,1024,45,100,90,15,70,0,5
Hop40Rep1-12_gamma0,Hop40Rep1-12,40,1,12,tdg_selection_no_candidate_vs_random,1024,45,0,90,15,70,0,5
Hop40Rep1-12_gamma25,Hop40Rep1-12,40,1,12,tdg_selection_no_candidate_vs_random,1024,45,25,90,15,70,0,5
Hop40Rep1-12_gamma50,Hop40Rep1-12,40,1,12,tdg_selection_no_candidate_vs_random,1024,45,50,90,15,70,0,5
Hop40Rep1-12_gamma75,Hop40Rep1-12,40,1,12,tdg_selection_no_candidate_vs_random,1024,45,75,90,15,70,0,5
Hop40Rep1-12_gamma100,Hop40Rep1-12,40,1,12,tdg_selection_no_candidate_vs_random,1024,45,100,90,15,70,0,5
Hop40Rep1-13_gamma0,Hop40Rep1-13,40,1,13,tdg_selection_no_candidate_vs_random,1024,45,0,90,15,70,0,5
Hop40Rep1-13_gamma25,Hop40Rep1-13,40,1,13,tdg_selection_no_candidate_vs_random,1024,45,25,90,15,70,0,5
Hop40Rep1-13_gamma50,Hop40Rep1-13,40,1,13,tdg_selection_no_candidate_vs_random,1024,45,50,90,15,70,0,5
Hop40Rep1-13_gamma75,Hop40Rep1-13,40,1,13,tdg_selection_no_candidate_vs_random,1024,45,75,90,15,70,0,5
Hop40Rep1-13_gamma100,Hop40Rep1-13,40,1,13,tdg_selection_no_candidate_vs_random,1024,45,100,90,15,70,0,5
Hop40Rep1-14_gamma0,Hop40Rep1-14,40,1,14,tdg_selection_no_candidate_vs_random,1024,45,0,90,15,70,0,5
Hop40Rep1-14_gamma25,Hop40Rep1-14,40,1,14,tdg_selection_no_candidate_vs_random,1024,45,25,90,15,70,0,5
Hop40Rep1-14_gamma50,Hop40Rep1-14,40,1,14,tdg_selection_no_candidate_vs_random,1024,45,50,90,15,70,0,5
Hop40Rep1-14_gamma75,Hop40Rep1-14,40,1,14,tdg_selection_no_candidate_vs_random,1024,45,75,90,15,70,0,5
Hop40Rep1-14_gamma100,Hop40Rep1-14,40,1,14,tdg_selection_no_candidate_vs_random,1024,45,100,90,15,70,0,5
Hop40Rep1-15_gamma0,Hop40Rep1-15,40,1,15,tdg_selection_no_candidate_vs_random,1024,45,0,90,15,70,0,5
Hop40Rep1-15_gamma25,Hop40Rep1-15,40,1,15,tdg_selection_no_candidate_vs_random,1024,45,25,90,15,70,0,5
Hop40Rep1-15_gamma50,Hop40Rep1-15,40,1,15,tdg_selection_no_candidate_vs_random,1024,45,50,90,15,70,0,5
Hop40Rep1-15_gamma75,Hop40Rep1-15,40,1,15,tdg_selection_no_candidate_vs_random,1024,45,75,90,15,70,0,5
Hop40Rep1-15_gamma100,Hop40Rep1-15,40,1,15,tdg_selection_no_candidate_vs_random,1024,45,100,90,15,70,0,5
Hop40Rep1-16_gamma0,Hop40Rep1-16,40,1,16,tdg_selection_no_candidate_vs_random,1024,45,0,90,15,70,0,5
Hop40Rep1-16_gamma25,Hop40Rep1-16,40,1,16,tdg_selection_no_candidate_vs_random,1024,45,25,90,15,70,0,5
Hop40Rep1-16_gamma50,Hop40Rep1-16,40,1,16,tdg_selection_no_candidate_vs_random,1024,45,50,90,15,70,0,5
Hop40Rep1-16_gamma75,Hop40Rep1-16,40,1,16,tdg_selection_no_candidate_vs_random,1024,45,75,90,15,70,0,5
Hop40Rep1-16_gamma100,Hop40Rep1-16,40,1,16,tdg_selection_no_candidate_vs_random,1024,45,100,90,15,70,0,5
Hop40Rep1-17_gamma0,Hop40Rep1-17,40,1,17,tdg_selection_no_candidate_vs_random,1024,45,0,90,15,70,0,5
Hop40Rep1-17_gamma25,Hop40Rep1-17,40,1,17,tdg_selection_no_candidate_vs_random,1024,45,25,90,15,70,0,5
Hop40Rep1-17_gamma50,Hop40Rep1-17,40,1,17,tdg_selection_no_candidate_vs_random,1024,45,50,90,15,70,0,5
Hop40Rep1-17_gamma75,Hop40Rep1-17,40,1,17,tdg_selection_no_candidate_vs_random,1024,45,75,90,15,70,0,5
Hop40Rep1-17_gamma100,Hop40Rep1-17,40,1,17,tdg_selection_no_candidate_vs_random,1024,45,100,90,15,70,0,5
Hop40Rep1-18_gamma0,Hop40Rep1-18,40,1,18,tdg_selection_no_candidate_vs_random,1024,45,0,90,15,70,0,5
Hop40Rep1-18_gamma25,Hop40Rep1-18,40,1,18,tdg_selection_no_candidate_vs_random,1024,45,25,90,15,70,0,5
Hop40Rep1-18_gamma50,Hop40Rep1-18,40,1,18,tdg_selection_no_candidate_vs_random,1024,45,50,90,15,70,0,5
Hop40Rep1-18_gamma75,Hop40Rep1-18,40,1,18,tdg_selection_no_candidate_vs_random,1024,45,75,90,15,70,0,5
Hop40Rep1-18_gamma100,Hop40Rep1-18,40,1,18,tdg_selection_no_candidate_vs_random,1024,45,100,90,15,70,0,5
Hop40Rep1-19_gamma0,Hop40Rep1-19,40,1,19,tdg_selection_no_candidate_vs_random,1024,45,0,90,15,70,0,5
Hop40Rep1-19_gamma25,Hop40Rep1-19,40,1,19,tdg_selection_no_candidate_vs_random,1024,45,25,90,15,70,0,5
Hop40Rep1-19_gamma50,Hop40Rep1-19,40,1,19,tdg_selection_no_candidate_vs_random,1024,45,50,90,15,70,0,5
Hop40Rep1-19_gamma75,Hop40Rep1-19,40,1,19,tdg_selection_no_candidate_vs_random,1024,45,75,90,15,70,0,5
Hop40Rep1-19_gamma100,Hop40Rep1-19,40,1,19,tdg_selection_no_candidate_vs_random,1024,45,100,90,15,70,0,5
Hop40Rep2-0_gamma0,Hop40Rep2-0,40,2,0,tdg_selection_no_candidate_vs_random,2048,45,0,90,15,70,0,5
Hop40Rep2-0_gamma25,Hop40Rep2-0,40,2,0,tdg_selection_no_candidate_vs_random,2048,45,25,90,15,70,0,5
Hop40Rep2-0_gamma50,Hop40Rep2-0,40,2,0,tdg_selection_no_candidate_vs_random,2048,45,50,90,15,70,0,5
Hop40Rep2-0_gamma75,Hop40Rep2-0,40,2,0,tdg_selection_no_candidate_vs_random,2048,45,75,90,15,70,0,5
Hop40Rep2-0_gamma100,Hop40Rep2-0,40,2,0,tdg_selection_no_candidate_vs_random,2048,45,100,90,15,70,0,5
Hop40Rep2-1_gamma0,Hop40Rep2-1,40,2,1,tdg_selection_no_candidate_vs_random,2048,45,0,90,15,70,0,5
Hop40Rep2-1_gamma25,Hop40Rep2-1,40,2,1,tdg_selection_no_candidate_vs_random,2048,45,25,90,15,70,0,5
Hop40Rep2-1_gamma50,Hop40Rep2-1,40,2,1,tdg_selection_no_candidate_vs_random,2048,45,50,90,15,70,0,5
Hop40Rep2-1_gamma75,Hop40Rep2-1,40,2,1,tdg_selection_no_candidate_vs_random,2048,45,75,90,15,70,0,5
Hop40Rep2-1_gamma100,Hop40Rep2-1,40,2,1,tdg_selection_no_candidate_vs_random,2048,45,100,90,15,70,0,5
Hop40Rep2-2_gamma0,Hop40Rep2-2,40,2,2,tdg_selection_no_candidate_vs_random,2048,45,0,90,15,70,0,5
Hop40Rep2-2_gamma25,Hop40Rep2-2,40,2,2,tdg_selection_no_candidate_vs_random,2048,45,25,90,15,70,0,5
Hop40Rep2-2_gamma50,Hop40Rep2-2,40,2,2,tdg_selection_no_candidate_vs_random,2048,45,50,90,15,70,0,5
Hop40Rep2-2_gamma75,Hop40Rep2-2,40,2,2,tdg_selection_no_candidate_vs_random,2048,45,75,90,15,70,0,5
Hop40Rep2-2_gamma100,Hop40Rep2-2,40,2,2,tdg_selection_no_candidate_vs_random,2048,45,100,90,15,70,0,5
Hop40Rep2-3_gamma0,Hop40Rep2-3,40,2,3,tdg_selection_no_candidate_vs_random,2048,45,0,90,15,70,0,5
Hop40Rep2-3_gamma25,Hop40Rep2-3,40,2,3,tdg_selection_no_candidate_vs_random,2048,45,25,90,15,70,0,5
Hop40Rep2-3_gamma50,Hop40Rep2-3,40,2,3,tdg_selection_no_candidate_vs_random,2048,45,50,90,15,70,0,5
Hop40Rep2-3_gamma75,Hop40Rep2-3,40,2,3,tdg_selection_no_candidate_vs_random,2048,45,75,90,15,70,0,5
Hop40Rep2-3_gamma100,Hop40Rep2-3,40,2,3,tdg_selection_no_candidate_vs_random,2048,45,100,90,15,70,0,5
Hop40Rep2-4_gamma0,Hop40Rep2-4,40,2,4,tdg_selection_no_candidate_vs_random,2048,45,0,90,15,70,0,5
Hop40Rep2-4_gamma25,Hop40Rep2-4,40,2,4,tdg_selection_no_candidate_vs_random,2048,45,25,90,15,70,0,5
Hop40Rep2-4_gamma50,Hop40Rep2-4,40,2,4,tdg_selection_no_candidate_vs_random,2048,45,50,90,15,70,0,5
Hop40Rep2-4_gamma75,Hop40Rep2-4,40,2,4,tdg_selection_no_candidate_vs_random,2048,45,75,90,15,70,0,5
Hop40Rep2-4_gamma100,Hop40Rep2-4,40,2,4,tdg_selection_no_candidate_vs_random,2048,45,100,90,15,70,0,5
Hop40Rep2-5_gamma0,Hop40Rep2-5,40,2,5,tdg_selection_no_candidate_vs_random,2048,45,0,90,15,70,0,5
Hop40Rep2-5_gamma25,Hop40Rep2-5,40,2,5,tdg_selection_no_candidate_vs_random,2048,45,25,90,15,70,0,5
Hop40Rep2-5_gamma50,Hop40Rep2-5,40,2,5,tdg_selection_no_candidate_vs_random,2048,45,50,90,15,70,0,5
Hop40Rep2-5_gamma75,Hop40Rep2-5,40,2,5,tdg_selection_no_candidate_vs_random,2048,45,75,90,15,70,0,5
Hop40Rep2-5_gamma100,Hop40Rep2-5,40,2,5,tdg_selection_no_candidate_vs_random,2048,45,100,90,15,70,0,5
Hop40Rep2-6_gamma0,Hop40Rep2-6,40,2,6,tdg_selection_no_candidate_vs_random,2048,45,0,90,15,70,0,5
Hop40Rep2-6_gamma25,Hop40Rep2-6,40,2,6,tdg_selection_no_candidate_vs_random,2048,45,25,90,15,70,0,5
Hop40Rep2-6_gamma50,Hop40Rep2-6,40,2,6,tdg_selection_no_candidate_vs_random,2048,45,50,90,15,70,0,5
Hop40Rep2-6_gamma75,Hop40Rep2-6,40,2,6,tdg_selection_no_candidate_vs_random,2048,45,75,90,15,70,0,5
Hop40Rep2-6_gamma100,Hop40Rep2-6,40,2,6,tdg_selection_no_candidate_vs_random,2048,45,100,90,15,70,0,5
Hop40Rep2-7_gamma0,Hop40Rep2-7,40,2,7,tdg_selection_no_candidate_vs_random,2048,45,0,90,15,70,0,5
Hop40Rep2-7_gamma25,Hop40Rep2-7,40,2,7,tdg_selection_no_candidate_vs_random,2048,45,25,90,15,70,0,5
Hop40Rep2-7_gamma50,Hop40Rep2-7,40,2,7,tdg_selection_no_candidate_vs_random,2048,45,50,90,15,70,0,5
Hop40Rep2-7_gamma75,Hop40Rep2-7,40,2,7,tdg_selection_no_candidate_vs_random,2048,45,75,90,15,70,0,5
Hop40Rep2-7_gamma100,Hop40Rep2-7,40,2,7,tdg_selection_no_candidate_vs_random,2048,45,100,90,15,70,0,5
Hop40Rep2-8_gamma0,Hop40Rep2-8,40,2,8,tdg_selection_no_candidate_vs_random,2048,45,0,90,15,70,0,5
Hop40Rep2-8_gamma25,Hop40Rep2-8,40,2,8,tdg_selection_no_candidate_vs_random,2048,45,25,90,15,70,0,5
Hop40Rep2-8_gamma50,Hop40Rep2-8,40,2,8,tdg_selection_no_candidate_vs_random,2048,45,50,90,15,70,0,5
Hop40Rep2-8_gamma75,Hop40Rep2-8,40,2,8,tdg_selection_no_candidate_vs_random,2048,45,75,90,15,70,0,5
Hop40Rep2-8_gamma100,Hop40Rep2-8,40,2,8,tdg_selection_no_candidate_vs_random,2048,45,100,90,15,70,0,5
Hop40Rep2-9_gamma0,Hop40Rep2-9,40,2,9,tdg_selection_no_candidate_vs_random,2048,45,0,90,15,70,0,5
Hop40Rep2-9_gamma25,Hop40Rep2-9,40,2,9,tdg_selection_no_candidate_vs_random,2048,45,25,90,15,70,0,5
Hop40Rep2-9_gamma50,Hop40Rep2-9,40,2,9,tdg_selection_no_candidate_vs_random,2048,45,50,90,15,70,0,5
Hop40Rep2-9_gamma75,Hop40Rep2-9,40,2,9,tdg_selection_no_candidate_vs_random,2048,45,75,90,15,70,0,5
Hop40Rep2-9_gamma100,Hop40Rep2-9,40,2,9,tdg_selection_no_candidate_vs_random,2048,45,100,90,15,70,0,5
Hop40Rep2-10_gamma0,Hop40Rep2-10,40,2,10,tdg_selection_no_candidate_vs_random,2048,45,0,90,15,70,0,5
Hop40Rep2-10_gamma25,Hop40Rep2-10,40,2,10,tdg_selection_no_candidate_vs_random,2048,45,25,90,15,70,0,5
Hop40Rep2-10_gamma50,Hop40Rep2-10,40,2,10,tdg_selection_no_candidate_vs_random,2048,45,50,90,15,70,0,5
Hop40Rep2-10_gamma75,Hop40Rep2-10,40,2,10,tdg_selection_no_candidate_vs_random,2048,45,75,90,15,70,0,5
Hop40Rep2-10_gamma100,Hop40Rep2-10,40,2,10,tdg_selection_no_candidate_vs_random,2048,45,100,90,15,70,0,5
Hop40Rep2-11_gamma0,Hop40Rep2-11,40,2,11,tdg_selection_no_candidate_vs_random,2048,45,0,90,15,70,0,5
Hop40Rep2-11_gamma25,Hop40Rep2-11,40,2,11,tdg_selection_no_candidate_vs_random,2048,45,25,90,15,70,0,5
Hop40Rep2-11_gamma50,Hop40Rep2-11,40,2,11,tdg_selection_no_candidate_vs_random,2048,45,50,90,15,70,0,5
Hop40Rep2-11_gamma75,Hop40Rep2-11,40,2,11,tdg_selection_no_candidate_vs_random,2048,45,75,90,15,70,0,5
Hop40Rep2-11_gamma100,Hop40Rep2-11,40,2,11,tdg_selection_no_candidate_vs_random,2048,45,100,90,15,70,0,5
Hop40Rep2-12_gamma0,Hop40Rep2-12,40,2,12,tdg_selection_no_candidate_vs_random,2048,45,0,90,15,70,0,5
Hop40Rep2-12_gamma25,Hop40Rep2-12,40,2,12,tdg_selection_no_candidate_vs_random,2048,45,25,90,15,70,0,5
Hop40Rep2-12_gamma50,Hop40Rep2-12,40,2,12,tdg_selection_no_candidate_vs_random,2048,45,50,90,15,70,0,5
Hop40Rep2-12_gamma75,Hop40Rep2-12,40,2,12,tdg_selection_no_candidate_vs_random,2048,45,75,90,15,70,0,5
Hop40Rep2-12_gamma100,Hop40Rep2-12,40,2,12,tdg_selection_no_candidate_vs_random,2048,45,100,90,15,70,0,5
Hop40Rep2-13_gamma0,Hop40Rep2-13,40,2,13,tdg_selection_no_candidate_vs_random,2048,45,0,90,15,70,0,5
Hop40Rep2-13_gamma25,Hop40Rep2-13,40,2,13,tdg_selection_no_candidate_vs_random,2048,45,25,90,15,70,0,5
Hop40Rep2-13_gamma50,Hop40Rep2-13,40,2,13,tdg_selection_no_candidate_vs_random,2048,45,50,90,15,70,0,5
Hop40Rep2-13_gamma75,Hop40Rep2-13,40,2,13,tdg_selection_no_candidate_vs_random,2048,45,75,90,15,70,0,5
Hop40Rep2-13_gamma100,Hop40Rep2-13,40,2,13,tdg_selection_no_candidate_vs_random,2048,45,100,90,15,70,0,5
Hop40Rep2-14_gamma0,Hop40Rep2-14,40,2,14,tdg_selection_no_candidate_vs_random,2048,45,0,90,15,70,0,5
Hop40Rep2-14_gamma25,Hop40Rep2-14,40,2,14,tdg_selection_no_candidate_vs_random,2048,45,25,90,15,70,0,5
Hop40Rep2-14_gamma50,Hop40Rep2-14,40,2,14,tdg_selection_no_candidate_vs_random,2048,45,50,90,15,70,0,5
Hop40Rep2-14_gamma75,Hop40Rep2-14,40,2,14,tdg_selection_no_candidate_vs_random,2048,45,75,90,15,70,0,5
Hop40Rep2-14_gamma100,Hop40Rep2-14,40,2,14,tdg_selection_no_candidate_vs_random,2048,45,100,90,15,70,0,5
Hop40Rep2-15_gamma0,Hop40Rep2-15,40,2,15,tdg_selection_no_candidate_vs_random,2048,45,0,90,15,70,0,5
Hop40Rep2-15_gamma25,Hop40Rep2-15,40,2,15,tdg_selection_no_candidate_vs_random,2048,45,25,90,15,70,0,5
Hop40Rep2-15_gamma50,Hop40Rep2-15,40,2,15,tdg_selection_no_candidate_vs_random,2048,45,50,90,15,70,0,5
Hop40Rep2-15_gamma75,Hop40Rep2-15,40,2,15,tdg_selection_no_candidate_vs_random,2048,45,75,90,15,70,0,5
Hop40Rep2-15_gamma100,Hop40Rep2-15,40,2,15,tdg_selection_no_candidate_vs_random,2048,45,100,90,15,70,0,5
Hop40Rep2-16_gamma0,Hop40Rep2-16,40,2,16,tdg_selection_no_candidate_vs_random,2048,45,0,90,15,70,0,5
Hop40Rep2-16_gamma25,Hop40Rep2-16,40,2,16,tdg_selection_no_candidate_vs_random,2048,45,25,90,15,70,0,5
Hop40Rep2-16_gamma50,Hop40Rep2-16,40,2,16,tdg_selection_no_candidate_vs_random,2048,45,50,90,15,70,0,5
Hop40Rep2-16_gamma75,Hop40Rep2-16,40,2,16,tdg_selection_no_candidate_vs_random,2048,45,75,90,15,70,0,5
Hop40Rep2-16_gamma100,Hop40Rep2-16,40,2,16,tdg_selection_no_candidate_vs_random,2048,45,100,90,15,70,0,5
Hop40Rep2-17_gamma0,Hop40Rep2-17,40,2,17,tdg_selection_no_candidate_vs_random,2048,45,0,90,15,70,0,5
Hop40Rep2-17_gamma25,Hop40Rep2-17,40,2,17,tdg_selection_no_candidate_vs_random,2048,45,25,90,15,70,0,5
Hop40Rep2-17_gamma50,Hop40Rep2-17,40,2,17,tdg_selection_no_candidate_vs_random,2048,45,50,90,15,70,0,5
Hop40Rep2-17_gamma75,Hop40Rep2-17,40,2,17,tdg_selection_no_candidate_vs_random,2048,45,75,90,15,70,0,5
Hop40Rep2-17_gamma100,Hop40Rep2-17,40,2,17,tdg_selection_no_candidate_vs_random,2048,45,100,90,15,70,0,5
Hop40Rep2-18_gamma0,Hop40Rep2-18,40,2,18,tdg_selection_no_candidate_vs_random,2048,45,0,90,15,70,0,5
Hop40Rep2-18_gamma25,Hop40Rep2-18,40,2,18,tdg_selection_no_candidate_vs_random,2048,45,25,90,15,70,0,5
Hop40Rep2-18_gamma50,Hop40Rep2-18,40,2,18,tdg_selection_no_candidate_vs_random,2048,45,50,90,15,70,0,5
Hop40Rep2-18_gamma75,Hop40Rep2-18,40,2,18,tdg_selection_no_candidate_vs_random,2048,45,75,90,15,70,0,5
Hop40Rep2-18_gamma100,Hop40Rep2-18,40,2,18,tdg_selection_no_candidate_vs_random,2048,45,100,90,15,70,0,5
Hop40Rep2-19_gamma0,Hop40Rep2-19,40,2,19,tdg_selection_no_candidate_vs_random,2048,45,0,90,15,70,0,5
Hop40Rep2-19_gamma25,Hop40Rep2-19,40,2,19,tdg_selection_no_candidate_vs_random,2048,45,25,90,15,70,0,5
Hop40Rep2-19_gamma50,Hop40Rep2-19,40,2,19,tdg_selection_no_candidate_vs_random,2048,45,50,90,15,70,0,5
Hop40Rep2-19_gamma75,Hop40Rep2-19,40,2,19,tdg_selection_no_candidate_vs_random,2048,45,75,90,15,70,0,5
Hop40Rep2-19_gamma100,Hop40Rep2-19,40,2,19,tdg_selection_no_candidate_vs_random,2048,45,100,90,15,70,0,5
Hop40Rep4-0_gamma0,Hop40Rep4-0,40,4,0,tdg_selection_no_candidate_vs_random,4096,45,0,90,15,70,0,5
Hop40Rep4-0_gamma25,Hop40Rep4-0,40,4,0,tdg_selection_no_candidate_vs_random,4096,45,25,90,15,70,0,5
Hop40Rep4-0_gamma50,Hop40Rep4-0,40,4,0,tdg_selection_no_candidate_vs_random,4096,45,50,90,15,70,0,5
Hop40Rep4-0_gamma75,Hop40Rep4-0,40,4,0,tdg_selection_no_candidate_vs_random,4096,45,75,90,15,70,0,5
Hop40Rep4-0_gamma100,Hop40Rep4-0,40,4,0,tdg_selection_no_candidate_vs_random,4096,45,100,90,15,70,0,5
Hop40Rep4-1_gamma0,Hop40Rep4-1,40,4,1,tdg_selection_no_candidate_vs_random,4096,45,0,90,15,70,0,5
Hop40Rep4-1_gamma25,Hop40Rep4-1,40,4,1,tdg_selection_no_candidate_vs_random,4096,45,25,90,15,70,0,5
Hop40Rep4-1_gamma50,Hop40Rep4-1,40,4,1,tdg_selection_no_candidate_vs_random,4096,45,50,90,15,70,0,5
Hop40Rep4-1_gamma75,Hop40Rep4-1,40,4,1,tdg_selection_no_candidate_vs_random,4096,45,75,90,15,70,0,5
Hop40Rep4-1_gamma100,Hop40Rep4-1,40,4,1,tdg_selection_no_candidate_vs_random,4096,45,100,90,15,70,0,5
Hop40Rep4-2_gamma0,Hop40Rep4-2,40,4,2,tdg_selection_no_candidate_vs_random,4096,45,0,90,15,70,0,5
Hop40Rep4-2_gamma25,Hop40Rep4-2,40,4,2,tdg_selection_no_candidate_vs_random,4096,45,25,90,15,70,0,5
Hop40Rep4-2_gamma50,Hop40Rep4-2,40,4,2,tdg_selection_no_candidate_vs_random,4096,45,50,90,15,70,0,5
Hop40Rep4-2_gamma75,Hop40Rep4-2,40,4,2,tdg_selection_no_candidate_vs_random,4096,45,75,90,15,70,0,5
Hop40Rep4-2_gamma100,Hop40Rep4-2,40,4,2,tdg_selection_no_candidate_vs_random,4096,45,100,90,15,70,0,5
Hop40Rep4-3_gamma0,Hop40Rep4-3,40,4,3,tdg_selection_no_candidate_vs_random,4096,45,0,90,15,70,0,5
Hop40Rep4-3_gamma25,Hop40Rep4-3,40,4,3,tdg_selection_no_candidate_vs_random,4096,45,25,90,15,70,0,5
Hop40Rep4-3_gamma50,Hop40Rep4-3,40,4,3,tdg_selection_no_candidate_vs_random,4096,45,50,90,15,70,0,5
Hop40Rep4-3_gamma75,Hop40Rep4-3,40,4,3,tdg_selection_no_candidate_vs_random,4096,45,75,90,15,70,0,5
Hop40Rep4-3_gamma100,Hop40Rep4-3,40,4,3,tdg_selection_no_candidate_vs_random,4096,45,100,90,15,70,0,5
Hop40Rep4-4_gamma0,Hop40Rep4-4,40,4,4,tdg_selection_no_candidate_vs_random,4096,45,0,90,15,70,0,5
Hop40Rep4-4_gamma25,Hop40Rep4-4,40,4,4,tdg_selection_no_candidate_vs_random,4096,45,25,90,15,70,0,5
Hop40Rep4-4_gamma50,Hop40Rep4-4,40,4,4,tdg_selection_no_candidate_vs_random,4096,45,50,90,15,70,0,5
Hop40Rep4-4_gamma75,Hop40Rep4-4,40,4,4,tdg_selection_no_candidate_vs_random,4096,45,75,90,15,70,0,5
Hop40Rep4-4_gamma100,Hop40Rep4-4,40,4,4,tdg_selection_no_candidate_vs_random,4096,45,100,90,15,70,0,5
Hop40Rep4-5_gamma0,Hop40Rep4-5,40,4,5,tdg_selection_no_candidate_vs_random,4096,45,0,90,15,70,0,5
Hop40Rep4-5_gamma25,Hop40Rep4-5,40,4,5,tdg_selection_no_candidate_vs_random,4096,45,25,90,15,70,0,5
Hop40Rep4-5_gamma50,Hop40Rep4-5,40,4,5,tdg_selection_no_candidate_vs_random,4096,45,50,90,15,70,0,5
Hop40Rep4-5_gamma75,Hop40Rep4-5,40,4,5,tdg_selection_no_candidate_vs_random,4096,45,75,90,15,70,0,5
Hop40Rep4-5_gamma100,Hop40Rep4-5,40,4,5,tdg_selection_no_candidate_vs_random,4096,45,100,90,15,70,0,5
Hop40Rep4-6_gamma0,Hop40Rep4-6,40,4,6,tdg_selection_no_candidate_vs_random,4096,45,0,90,15,70,0,5
Hop40Rep4-6_gamma25,Hop40Rep4-6,40,4,6,tdg_selection_no_candidate_vs_random,4096,45,25,90,15,70,0,5
Hop40Rep4-6_gamma50,Hop40Rep4-6,40,4,6,tdg_selection_no_candidate_vs_random,4096,45,50,90,15,70,0,5
Hop40Rep4-6_gamma75,Hop40Rep4-6,40,4,6,tdg_selection_no_candidate_vs_random,4096,45,75,90,15,70,0,5
Hop40Rep4-6_gamma100,Hop40Rep4-6,40,4,6,tdg_selection_no_candidate_vs_random,4096,45,100,90,15,70,0,5
Hop40Rep4-7_gamma0,Hop40Rep4-7,40,4,7,tdg_selection_no_candidate_vs_random,4096,45,0,90,15,70,0,5
Hop40Rep4-7_gamma25,Hop40Rep4-7,40,4,7,tdg_selection_no_candidate_vs_random,4096,45,25,90,15,70,0,5
Hop40Rep4-7_gamma50,Hop40Rep4-7,40,4,7,tdg_selection_no_candidate_vs_random,4096,45,50,90,15,70,0,5
Hop40Rep4-7_gamma75,Hop40Rep4-7,40,4,7,tdg_selection_no_candidate_vs_random,4096,45,75,90,15,70,0,5
Hop40Rep4-7_gamma100,Hop40Rep4-7,40,4,7,tdg_selection_no_candidate_vs_random,4096,45,100,90,15,70,0,5
Hop40Rep4-8_gamma0,Hop40Rep4-8,40,4,8,tdg_selection_no_candidate_vs_random,4096,45,0,90,15,70,0,5
Hop40Rep4-8_gamma25,Hop40Rep4-8,40,4,8,tdg_selection_no_candidate_vs_random,4096,45,25,90,15,70,0,5
Hop40Rep4-8_gamma50,Hop40Rep4-8,40,4,8,tdg_selection_no_candidate_vs_random,4096,45,50,90,15,70,0,5
Hop40Rep4-8_gamma75,Hop40Rep4-8,40,4,8,tdg_selection_no_candidate_vs_random,4096,45,75,90,15,70,0,5
Hop40Rep4-8_gamma100,Hop40Rep4-8,40,4,8,tdg_selection_no_candidate_vs_random,4096,45,100,90,15,70,0,5
Hop40Rep4-9_gamma0,Hop40Rep4-9,40,4,9,tdg_selection_no_candidate_vs_random,4096,45,0,90,15,70,0,5
Hop40Rep4-9_gamma25,Hop40Rep4-9,40,4,9,tdg_selection_no_candidate_vs_random,4096,45,25,90,15,70,0,5
Hop40Rep4-9_gamma50,Hop40Rep4-9,40,4,9,tdg_selection_no_candidate_vs_random,4096,45,50,90,15,70,0,5
Hop40Rep4-9_gamma75,Hop40Rep4-9,40,4,9,tdg_selection_no_candidate_vs_random,4096,45,75,90,15,70,0,5
Hop40Rep4-9_gamma100,Hop40Rep4-9,40,4,9,tdg_selection_no_candidate_vs_random,4096,45,100,90,15,70,0,5
Hop40Rep4-10_gamma0,Hop40Rep4-10,40,4,10,tdg_selection_no_candidate_vs_random,4096,45,0,90,15,70,0,5
Hop40Rep4-10_gamma25,Hop40Rep4-10,40,4,10,tdg_selection_no_candidate_vs_random,4096,45,25,90,15,70,0,5
Hop40Rep4-10_gamma50,Hop40Rep4-10,40,4,10,tdg_selection_no_candidate_vs_random,4096,45,50,90,15,70,0,5
Hop40Rep4-10_gamma75,Hop40Rep4-10,40,4,10,tdg_selection_no_candidate_vs_random,4096,45,75,90,15,70,0,5
Hop40Rep4-10_gamma100,Hop40Rep4-10,40,4,10,tdg_selection_no_candidate_vs_random,4096,45,100,90,15,70,0,5
Hop40Rep4-11_gamma0,Hop40Rep4-11,40,4,11,tdg_selection_no_candidate_vs_random,4096,45,0,90,15,70,0,5
Hop40Rep4-11_gamma25,Hop40Rep4-11,40,4,11,tdg_selection_no_candidate_vs_random,4096,45,25,90,15,70,0,5
Hop40Rep4-11_gamma50,Hop40Rep4-11,40,4,11,tdg_selection_no_candidate_vs_random,4096,45,50,90,15,70,0,5
Hop40Rep4-11_gamma75,Hop40Rep4-11,40,4,11,tdg_selection_no_candidate_vs_random,4096,45,75,90,15,70,0,5
Hop40Rep4-11_gamma100,Hop40Rep4-11,40,4,11,tdg_selection_no_candidate_vs_random,4096,45,100,90,15,70,0,5
Hop40Rep4-12_gamma0,Hop40Rep4-12,40,4,12,tdg_selection_no_candidate_vs_random,4096,45,0,90,15,70,0,5
Hop40Rep4-12_gamma25,Hop40Rep4-12,40,4,12,tdg_selection_no_candidate_vs_random,4096,45,25,90,15,70,0,5
Hop40Rep4-12_gamma50,Hop40Rep4-12,40,4,12,tdg_selection_no_candidate_vs_random,4096,45,50,90,15,70,0,5
Hop40Rep4-12_gamma75,Hop40Rep4-12,40,4,12,tdg_selection_no_candidate_vs_random,4096,45,75,90,15,70,0,5
Hop40Rep4-12_gamma100,Hop40Rep4-12,40,4,12,tdg_selection_no_candidate_vs_random,4096,45,100,90,15,70,0,5
Hop40Rep4-13_gamma0,Hop40Rep4-13,40,4,13,tdg_selection_no_candidate_vs_random,4096,45,0,90,15,70,0,5
Hop40Rep4-13_gamma25,Hop40Rep4-13,40,4,13,tdg_selection_no_candidate_vs_random,4096,45,25,90,15,70,0,5
Hop40Rep4-13_gamma50,Hop40Rep4-13,40,4,13,tdg_selection_no_candidate_vs_random,4096,45,50,90,15,70,0,5
Hop40Rep4-13_gamma75,Hop40Rep4-13,40,4,13,tdg_selection_no_candidate_vs_random,4096,45,75,90,15,70,0,5
Hop40Rep4-13_gamma100,Hop40Rep4-13,40,4,13,tdg_selection_no_candidate_vs_random,4096,45,100,90,15,70,0,5
Hop40Rep4-14_gamma0,Hop40Rep4-14,40,4,14,tdg_selection_no_candidate_vs_random,4096,45,0,90,15,70,0,5
Hop40Rep4-14_gamma25,Hop40Rep4-14,40,4,14,tdg_selection_no_candidate_vs_random,4096,45,25,90,15,70,0,5
Hop40Rep4-14_gamma50,Hop40Rep4-14,40,4,14,tdg_selection_no_candidate_vs_random,4096,45,50,90,15,70,0,5
Hop40Rep4-14_gamma75,Hop40Rep4-14,40,4,14,tdg_selection_no_candidate_vs_random,4096,45,75,90,15,70,0,5
Hop40Rep4-14_gamma100,Hop40Rep4-14,40,4,14,tdg_selection_no_candidate_vs_random,4096,45,100,90,15,70,0,5
Hop40Rep4-15_gamma0,Hop40Rep4-15,40,4,15,tdg_selection_no_candidate_vs_random,4096,45,0,90,15,70,0,5
Hop40Rep4-15_gamma25,Hop40Rep4-15,40,4,15,tdg_selection_no_candidate_vs_random,4096,45,25,90,15,70,0,5
Hop40Rep4-15_gamma50,Hop40Rep4-15,40,4,15,tdg_selection_no_candidate_vs_random,4096,45,50,90,15,70,0,5
Hop40Rep4-15_gamma75,Hop40Rep4-15,40,4,15,tdg_selection_no_candidate_vs_random,4096,45,75,90,15,70,0,5
Hop40Rep4-15_gamma100,Hop40Rep4-15,40,4,15,tdg_selection_no_candidate_vs_random,4096,45,100,90,15,70,0,5
Hop40Rep4-16_gamma0,Hop40Rep4-16,40,4,16,tdg_selection_no_candidate_vs_random,4096,45,0,90,15,70,0,5
Hop40Rep4-16_gamma25,Hop40Rep4-16,40,4,16,tdg_selection_no_candidate_vs_random,4096,45,25,90,15,70,0,5
Hop40Rep4-16_gamma50,Hop40Rep4-16,40,4,16,tdg_selection_no_candidate_vs_random,4096,45,50,90,15,70,0,5
Hop40Rep4-16_gamma75,Hop40Rep4-16,40,4,16,tdg_selection_no_candidate_vs_random,4096,45,75,90,15,70,0,5
Hop40Rep4-16_gamma100,Hop40Rep4-16,40,4,16,tdg_selection_no_candidate_vs_random,4096,45,100,90,15,70,0,5
Hop40Rep4-17_gamma0,Hop40Rep4-17,40,4,17,tdg_selection_no_candidate_vs_random,4096,45,0,90,15,70,0,5
Hop40Rep4-17_gamma25,Hop40Rep4-17,40,4,17,tdg_selection_no_candidate_vs_random,4096,45,25,90,15,70,0,5
Hop40Rep4-17_gamma50,Hop40Rep4-17,40,4,17,tdg_selection_no_candidate_vs_random,4096,45,50,90,15,70,0,5
Hop40Rep4-17_gamma75,Hop40Rep4-17,40,4,17,tdg_selection_no_candidate_vs_random,4096,45,75,90,15,70,0,5
Hop40Rep4-17_gamma100,Hop40Rep4-17,40,4,17,tdg_selection_no_candidate_vs_random,4096,45,100,90,15,70,0,5
Hop40Rep4-18_gamma0,Hop40Rep4-18,40,4,18,tdg_selection_no_candidate_vs_random,4096,45,0,90,15,70,0,5
Hop40Rep4-18_gamma25,Hop40Rep4-18,40,4,18,tdg_selection_no_candidate_vs_random,4096,45,25,90,15,70,0,5
Hop40Rep4-18_gamma50,Hop40Rep4-18,40,4,18,tdg_selection_no_candidate_vs_random,4096,45,50,90,15,70,0,5
Hop40Rep4-18_gamma75,Hop40Rep4-18,40,4,18,tdg_selection_no_candidate_vs_random,4096,45,75,90,15,70,0,5
Hop40Rep4-18_gamma100,Hop40Rep4-18,40,4,18,tdg_selection_no_candidate_vs_random,4096,45,100,90,15,70,0,5
Hop40Rep4-19_gamma0,Hop40Rep4-19,40,4,19,tdg_selection_no_candidate_vs_random,4096,45,0,90,15,70,0,5
Hop40Rep4-19_gamma25,Hop40Rep4-19,40,4,19,tdg_selection_no_candidate_vs_random,4096,45,25,90,15,70,0,5
Hop40Rep4-19_gamma50,Hop40Rep4-19,40,4,19,tdg_selection_no_candidate_vs_random,4096,45,50,90,15,70,0,5
Hop40Rep4-19_gamma75,Hop40Rep4-19,40,4,19,tdg_selection_no_candidate_vs_random,4096,45,75,90,15,70,0,5
Hop40Rep4-19_gamma100,Hop40Rep4-19,40,4,19,tdg_selection_no_candidate_vs_random,4096,45,100,90,15,70,0,5
