algorithm,dataset,hop,rep,seed,label,iteration,query_count,time_sec,size,candidate_count,candidate_sec,selected_count,select_impact_sec,select_rank_sec,select_scan_sec,select_remove_sec,select_total_sec,batch_count,batch_queries_sec,reroute_query_count,reroute_query_sec,insert_trajectory_sec,reroute_total_sec,initial_routes_sec,reroute_count,total_travel_time,evaluate_sec,reroute_sec,iteration_sec,run_sec
gro,Hop10Rep1-0,10,1,0,INITIAL_ROUTES,-1,1024,0.127602,,,,,,,,,,,,,,,,,,,,,,
gro,Hop10Rep1-0,10,1,0,EVALUATE,0,1024,0.487402,,,,,,,,,,,,,,,,,,,,,,
gro,Hop10Rep1-0,10,1,0,TDG,0,,0.088695,14795,,,,,,,,,,,,,,,,,,,,,
gro,Hop10Rep1-0,10,1,0,IMPACT,0,,0.045560,14795,,,,,,,,,,,,,,,,,,,,,
gro,Hop10Rep1-0,10,1,0,CANDIDATE,0,,,,300,0.028720,,,,,,,,,,,,,,,,,,,
gro,Hop10Rep1-0,10,1,0,SELECT,0,,,,300,,146,0.089859,0.001844,0.051225,0.050096,0.159005,,,,,,,,,,,,,
gro,Hop10Rep1-0,10,1,0,BATCH,0,,,,,,146,,,,,,28,0.046691,,,,,,,,,,,
gro,Hop10Rep1-0,10,1,0,REROUTE,0,,,,,,,,,,,,,,146,0.058082,0.006820,0.081829,,,,,,,
gro,Hop10Rep1-0,10,1,0,ITERATION,0,,0.947669,,,,146,,,,,,,,,,,,,,,,,,
gro,Hop10Rep1-0,10,1,0,EVALUATE,1,1024,0.518641,,,,,,,,,,,,,,,,,,,,,,
gro,Hop10Rep1-0,10,1,0,TDG,1,,0.086662,16799,,,,,,,,,,,,,,,,,,,,,
gro,Hop10Rep1-0,10,1,0,IMPACT,1,,0.050487,16799,,,,,,,,,,,,,,,,,,,,,
gro,Hop10Rep1-0,10,1,0,CANDIDATE,1,,,,430,0.030865,,,,,,,,,,,,,,,,,,,
gro,Hop10Rep1-0,10,1,0,SELECT,1,,,,430,,201,0.099631,0.002081,0.055025,0.053707,0.174342,,,,,,,,,,,,,
gro,Hop10Rep1-0,10,1,0,BATCH,1,,,,,,201,,,,,,24,0.040264,,,,,,,,,,,
gro,Hop10Rep1-0,10,1,0,REROUTE,1,,,,,,,,,,,,,,201,0.083415,0.014685,0.126928,,,,,,,
gro,Hop10Rep1-0,10,1,0,ITERATION,1,,1.039145,,,,201,,,,,,,,,,,,,,,,,,
gro,Hop10Rep1-0,10,1,0,EVALUATE,2,1024,0.426841,,,,,,,,,,,,,,,,,,,,,,
gro,Hop10Rep1-0,10,1,0,TDG,2,,0.083092,18436,,,,,,,,,,,,,,,,,,,,,
gro,Hop10Rep1-0,10,1,0,IMPACT,2,,0.054556,18436,,,,,,,,,,,,,,,,,,,,,
gro,Hop10Rep1-0,10,1,0,CANDIDATE,2,,,,544,0.033005,,,,,,,,,,,,,,,,,,,
gro,Hop10Rep1-0,10,1,0,SELECT,2,,,,544,,255,0.109571,0.002141,0.051443,0.049968,0.182524,,,,,,,,,,,,,
gro,Hop10Rep1-0,10,1,0,BATCH,2,,,,,,255,,,,,,24,0.028972,,,,,,,,,,,
gro,Hop10Rep1-0,10,1,0,REROUTE,2,,,,,,,,,,,,,,255,0.090853,0.022463,0.132785,,,,,,,
gro,Hop10Rep1-0,10,1,0,ITERATION,2,,0.953781,,,,255,,,,,,,,,,,,,,,,,,
gro,Hop10Rep1-0,10,1,0,EVALUATE,3,1024,0.418670,,,,,,,,,,,,,,,,,,,,,,
gro,Hop10Rep1-0,10,1,0,TDG,3,,0.088288,20135,,,,,,,,,,,,,,,,,,,,,
gro,Hop10Rep1-0,10,1,0,IMPACT,3,,0.060205,20135,,,,,,,,,,,,,,,,,,,,,
gro,Hop10Rep1-0,10,1,0,CANDIDATE,3,,,,442,0.037589,,,,,,,,,,,,,,,,,,,
gro,Hop10Rep1-0,10,1,0,SELECT,3,,,,442,,215,0.118405,0.001684,0.041190,0.039946,0.181989,,,,,,,,,,,,,
gro,Hop10Rep1-0,10,1,0,BATCH,3,,,,,,215,,,,,,18,0.024581,,,,,,,,,,,
gro,Hop10Rep1-0,10,1,0,REROUTE,3,,,,,,,,,,,,,,215,0.076336,0.022075,0.118789,,,,,,,
gro,Hop10Rep1-0,10,1,0,ITERATION,3,,0.942659,,,,215,,,,,,,,,,,,,,,,,,
gro,Hop10Rep1-0,10,1,0,EVALUATE,4,1024,0.394475,,,,,,,,,,,,,,,,,,,,,,
gro,Hop10Rep1-0,10,1,0,TDG,4,,0.085324,20519,,,,,,,,,,,,,,,,,,,,,
gro,Hop10Rep1-0,10,1,0,IMPACT,4,,0.060402,20519,,,,,,,,,,,,,,,,,,,,,
gro,Hop10Rep1-0,10,1,0,CANDIDATE,4,,,,312,0.035615,,,,,,,,,,,,,,,,,,,
gro,Hop10Rep1-0,10,1,0,SELECT,4,,,,312,,150,0.119956,0.001114,0.026883,0.026148,0.169019,,,,,,,,,,,,,
gro,Hop10Rep1-0,10,1,0,BATCH,4,,,,,,150,,,,,,23,0.027249,,,,,,,,,,,
gro,Hop10Rep1-0,10,1,0,REROUTE,4,,,,,,,,,,,,,,150,0.051919,0.019977,0.093027,,,,,,,
gro,Hop10Rep1-0,10,1,0,ITERATION,4,,0.878053,,,,150,,,,,,,,,,,,,,,,,,
gro,Hop10Rep1-0,10,1,0,EVALUATE,5,1024,0.421308,,,,,,,,,,,,,,,,,,,,,,
gro,Hop10Rep1-0,10,1,0,TDG,5,,0.083598,20488,,,,,,,,,,,,,,,,,,,,,
gro,Hop10Rep1-0,10,1,0,IMPACT,5,,0.059781,20488,,,,,,,,,,,,,,,,,,,,,
gro,Hop10Rep1-0,10,1,0,CANDIDATE,5,,,,291,0.036358,,,,,,,,,,,,,,,,,,,
gro,Hop10Rep1-0,10,1,0,SELECT,5,,,,291,,142,0.119681,0.001000,0.024648,0.024015,0.166174,,,,,,,,,,,,,
gro,Hop10Rep1-0,10,1,0,BATCH,5,,,,,,142,,,,,,16,0.017308,,,,,,,,,,,
gro,Hop10Rep1-0,10,1,0,REROUTE,5,,,,,,,,,,,,,,142,0.047774,0.019409,0.088171,,,,,,,
gro,Hop10Rep1-0,10,1,0,ITERATION,5,,0.885811,,,,142,,,,,,,,,,,,,,,,,,
gro,Hop10Rep1-0,10,1,0,EVALUATE,6,1024,0.374480,,,,,,,,,,,,,,,,,,,,,,
gro,Hop10Rep1-0,10,1,0,TDG,6,,0.080921,20337,,,,,,,,,,,,,,,,,,,,,
gro,Hop10Rep1-0,10,1,0,IMPACT,6,,0.057435,20337,,,,,,,,,,,,,,,,,,,,,
gro,Hop10Rep1-0,10,1,0,CANDIDATE,6,,,,283,0.035494,,,,,,,,,,,,,,,,,,,
gro,Hop10Rep1-0,10,1,0,SELECT,6,,,,283,,136,0.114067,0.000927,0.023050,0.022474,0.158944,,,,,,,,,,,,,
gro,Hop10Rep1-0,10,1,0,BATCH,6,,,,,,136,,,,,,18,0.024631,,,,,,,,,,,
gro,Hop10Rep1-0,10,1,0,REROUTE,6,,,,,,,,,,,,,,136,0.051600,0.020850,0.093373,,,,,,,
gro,Hop10Rep1-0,10,1,0,ITERATION,6,,0.838015,,,,136,,,,,,,,,,,,,,,,,,
gro,Hop10Rep1-0,10,1,0,EVALUATE,7,1024,0.393670,,,,,,,,,,,,,,,,,,,,,,
gro,Hop10Rep1-0,10,1,0,TDG,7,,0.085104,20237,,,,,,,,,,,,,,,,,,,,,
gro,Hop10Rep1-0,10,1,0,IMPACT,7,,0.059644,20237,,,,,,,,,,,,,,,,,,,,,
gro,Hop10Rep1-0,10,1,0,CANDIDATE,7,,,,265,0.036499,,,,,,,,,,,,,,,,,,,
gro,Hop10Rep1-0,10,1,0,SELECT,7,,,,265,,131,0.118368,0.000902,0.022644,0.021957,0.163126,,,,,,,,,,,,,
gro,Hop10Rep1-0,10,1,0,BATCH,7,,,,,,131,,,,,,16,0.018042,,,,,,,,,,,
gro,Hop10Rep1-0,10,1,0,REROUTE,7,,,,,,,,,,,,,,131,0.045536,0.017030,0.083884,,,,,,,
gro,Hop10Rep1-0,10,1,0,ITERATION,7,,0.852764,,,,131,,,,,,,,,,,,,,,,,,
gro,Hop10Rep1-0,10,1,0,EVALUATE,8,1024,0.389056,,,,,,,,,,,,,,,,,,,,,,
gro,Hop10Rep1-0,10,1,0,TDG,8,,0.081978,20344,,,,,,,,,,,,,,,,,,,,,
gro,Hop10Rep1-0,10,1,0,IMPACT,8,,0.057702,20344,,,,,,,,,,,,,,,,,,,,,
gro,Hop10Rep1-0,10,1,0,CANDIDATE,8,,,,275,0.035459,,,,,,,,,,,,,,,,,,,
gro,Hop10Rep1-0,10,1,0,SELECT,8,,,,275,,136,0.115262,0.000990,0.024502,0.023916,0.162179,,,,,,,,,,,,,
gro,Hop10Rep1-0,10,1,0,BATCH,8,,,,,,136,,,,,,16,0.026735,,,,,,,,,,,
gro,Hop10Rep1-0,10,1,0,REROUTE,8,,,,,,,,,,,,,,136,0.048883,0.021988,0.092138,,,,,,,
gro,Hop10Rep1-0,10,1,0,ITERATION,8,,0.858474,,,,136,,,,,,,,,,,,,,,,,,
gro,Hop10Rep1-0,10,1,0,EVALUATE,9,1024,0.385440,,,,,,,,,,,,,,,,,,,,,,
gro,Hop10Rep1-0,10,1,0,TDG,9,,0.084449,20168,,,,,,,,,,,,,,,,,,,,,
gro,Hop10Rep1-0,10,1,0,IMPACT,9,,0.060648,20168,,,,,,,,,,,,,,,,,,,,,
gro,Hop10Rep1-0,10,1,0,CANDIDATE,9,,,,261,0.037220,,,,,,,,,,,,,,,,,,,
gro,Hop10Rep1-0,10,1,0,SELECT,9,,,,261,,127,0.119204,0.000922,0.023285,0.022613,0.164359,,,,,,,,,,,,,
gro,Hop10Rep1-0,10,1,0,BATCH,9,,,,,,127,,,,,,16,0.020631,,,,,,,,,,,
gro,Hop10Rep1-0,10,1,0,REROUTE,9,,,,,,,,,,,,,,127,0.047264,0.019216,0.087334,,,,,,,
gro,Hop10Rep1-0,10,1,0,ITERATION,9,,0.853151,,,,127,,,,,,,,,,,,,,,,,,
gro,Hop10Rep1-0,10,1,0,EVALUATE,-1,1024,0.381366,,,,,,,,,,,,,,,,,,,,,,
gro,Hop10Rep1-0,10,1,0,RUN,-1,1024,9.633724,,,,,,,,,,,,,,,,,,,,,,
baseline,Hop10Rep1-0,10,1,0,BASELINE_INITIAL,,,,,,,,,,,,,,,,,,,0.119769,,,,,,
baseline,Hop10Rep1-0,10,1,0,BASELINE,0,,,,,,307,,,,,,,,,,,,,307,27030182,0.490160,0.056261,0.547177,
baseline,Hop10Rep1-0,10,1,0,BASELINE,1,,,,,,307,,,,,,,,,,,,,307,24994747,0.529371,0.071519,0.601118,
baseline,Hop10Rep1-0,10,1,0,BASELINE,2,,,,,,307,,,,,,,,,,,,,307,24316982,0.485629,0.060203,0.546067,
baseline,Hop10Rep1-0,10,1,0,BASELINE,3,,,,,,307,,,,,,,,,,,,,307,24204435,0.482984,0.058405,0.541612,
baseline,Hop10Rep1-0,10,1,0,BASELINE,4,,,,,,307,,,,,,,,,,,,,307,24028770,0.475830,0.055638,0.531700,
baseline,Hop10Rep1-0,10,1,0,BASELINE,5,,,,,,307,,,,,,,,,,,,,307,23993716,0.495182,0.056432,0.551830,
baseline,Hop10Rep1-0,10,1,0,BASELINE,6,,,,,,307,,,,,,,,,,,,,307,23929437,0.489054,0.057570,0.546851,
baseline,Hop10Rep1-0,10,1,0,BASELINE,7,,,,,,307,,,,,,,,,,,,,307,24097890,0.477008,0.054938,0.532168,
baseline,Hop10Rep1-0,10,1,0,BASELINE,8,,,,,,307,,,,,,,,,,,,,307,24043671,0.485846,0.059127,0.545439,
baseline,Hop10Rep1-0,10,1,0,BASELINE,9,,,,,,307,,,,,,,,,,,,,307,23707829,0.478608,0.059381,0.538209,
baseline,Hop10Rep1-0,10,1,0,BASELINE_FINAL,,,,,,,,,,,,,,,,,,,,,23990925,0.468760,,,6.072498
gro,Hop10Rep2-0,10,2,0,INITIAL_ROUTES,-1,2048,0.210761,,,,,,,,,,,,,,,,,,,,,,
gro,Hop10Rep2-0,10,2,0,EVALUATE,0,2048,1.440944,,,,,,,,,,,,,,,,,,,,,,
gro,Hop10Rep2-0,10,2,0,TDG,0,,0.224329,27959,,,,,,,,,,,,,,,,,,,,,
gro,Hop10Rep2-0,10,2,0,IMPACT,0,,0.088484,27959,,,,,,,,,,,,,,,,,,,,,
gro,Hop10Rep2-0,10,2,0,CANDIDATE,0,,,,642,0.055905,,,,,,,,,,,,,,,,,,,
gro,Hop10Rep2-0,10,2,0,SELECT,0,,,,642,,318,0.172899,0.005840,0.173952,0.170828,0.380379,,,,,,,,,,,,,
gro,Hop10Rep2-0,10,2,0,BATCH,0,,,,,,318,,,,,,67,0.277762,,,,,,,,,,,
gro,Hop10Rep2-0,10,2,0,REROUTE,0,,,,,,,,,,,,,,318,0.119544,0.004992,0.151953,,,,,,,
gro,Hop10Rep2-0,10,2,0,ITERATION,0,,2.636757,,,,318,,,,,,,,,,,,,,,,,,
gro,Hop10Rep2-0,10,2,0,EVALUATE,1,2048,1.445593,,,,,,,,,,,,,,,,,,,,,,
gro,Hop10Rep2-0,10,2,0,TDG,1,,0.210980,35568,,,,,,,,,,,,,,,,,,,,,
gro,Hop10Rep2-0,10,2,0,IMPACT,1,,0.112460,35568,,,,,,,,,,,,,,,,,,,,,
gro,Hop10Rep2-0,10,2,0,CANDIDATE,1,,,,969,0.067637,,,,,,,,,,,,,,,,,,,
gro,Hop10Rep2-0,10,2,0,SELECT,1,,,,969,,458,0.225734,0.006566,0.179086,0.174931,0.445953,,,,,,,,,,,,,
gro,Hop10Rep2-0,10,2,0,BATCH,1,,,,,,458,,,,,,39,0.164497,,,,,,,,,,,
gro,Hop10Rep2-0,10,2,0,REROUTE,1,,,,,,,,,,,,,,458,0.171294,0.043227,0.248342,,,,,,,
gro,Hop10Rep2-0,10,2,0,ITERATION,1,,2.716858,,,,458,,,,,,,,,,,,,,,,,,
gro,Hop10Rep2-0,10,2,0,EVALUATE,2,2048,1.238136,,,,,,,,,,,,,,,,,,,,,,
gro,Hop10Rep2-0,10,2,0,TDG,2,,0.215709,40117,,,,,,,,,,,,,,,,,,,,,
gro,Hop10Rep2-0,10,2,0,IMPACT,2,,0.127276,40117,,,,,,,,,,,,,,,,,,,,,
gro,Hop10Rep2-0,10,2,0,CANDIDATE,2,,,,854,0.077361,,,,,,,,,,,,,,,,,,,
gro,Hop10Rep2-0,10,2,0,SELECT,2,,,,854,,402,0.252260,0.004873,0.125399,0.122170,0.419630,,,,,,,,,,,,,
gro,Hop10Rep2-0,10,2,0,BATCH,2,,,,,,402,,,,,,28,0.102027,,,,,,,,,,,
gro,Hop10Rep2-0,10,2,0,REROUTE,2,,,,,,,,,,,,,,402,0.130269,0.048726,0.216040,,,,,,,
gro,Hop10Rep2-0,10,2,0,ITERATION,2,,2.419923,,,,402,,,,,,,,,,,,,,,,,,
gro,Hop10Rep2-0,10,2,0,EVALUATE,3,2048,1.230713,,,,,,,,,,,,,,,,,,,,,,
gro,Hop10Rep2-0,10,2,0,TDG,3,,0.215550,43029,,,,,,,,,,,,,,,,,,,,,
gro,Hop10Rep2-0,10,2,0,IMPACT,3,,0.133143,43029,,,,,,,,,,,,,,,,,,,,,
gro,Hop10Rep2-0,10,2,0,CANDIDATE,3,,,,858,0.081039,,,,,,,,,,,,,,,,,,,
gro,Hop10Rep2-0,10,2,0,SELECT,3,,,,858,,407,0.258863,0.004188,0.109947,0.107447,0.412096,,,,,,,,,,,,,
gro,Hop10Rep2-0,10,2,0,BATCH,3,,,,,,407,,,,,,49,0.080257,,,,,,,,,,,
gro,Hop10Rep2-0,10,2,0,REROUTE,3,,,,,,,,,,,,,,407,0.153507,0.061146,0.255563,,,,,,,
gro,Hop10Rep2-0,10,2,0,ITERATION,3,,2.434029,,,,407,,,,,,,,,,,,,,,,,,
gro,Hop10Rep2-0,10,2,0,EVALUATE,4,2048,1.214563,,,,,,,,,,,,,,,,,,,,,,
gro,Hop10Rep2-0,10,2,0,TDG,4,,0.211536,44262,,,,,,,,,,,,,,,,,,,,,
gro,Hop10Rep2-0,10,2,0,IMPACT,4,,0.134339,44262,,,,,,,,,,,,,,,,,,,,,
gro,Hop10Rep2-0,10,2,0,CANDIDATE,4,,,,702,0.081656,,,,,,,,,,,,,,,,,,,
gro,Hop10Rep2-0,10,2,0,SELECT,4,,,,702,,342,0.266480,0.003557,0.093593,0.091574,0.403502,,,,,,,,,,,,,
gro,Hop10Rep2-0,10,2,0,BATCH,4,,,,,,342,,,,,,37,0.085578,,,,,,,,,,,
gro,Hop10Rep2-0,10,2,0,REROUTE,4,,,,,,,,,,,,,,342,0.145263,0.061972,0.248496,,,,,,,
gro,Hop10Rep2-0,10,2,0,ITERATION,4,,2.406174,,,,342,,,,,,,,,,,,,,,,,,
gro,Hop10Rep2-0,10,2,0,EVALUATE,5,2048,1.194420,,,,,,,,,,,,,,,,,,,,,,
gro,Hop10Rep2-0,10,2,0,TDG,5,,0.214817,44184,,,,,,,,,,,,,,,,,,,,,
gro,Hop10Rep2-0,10,2,0,IMPACT,5,,0.136265,44184,,,,,,,,,,,,,,,,,,,,,
gro,Hop10Rep2-0,10,2,0,CANDIDATE,5,,,,770,0.083027,,,,,,,,,,,,,,,,,,,
gro,Hop10Rep2-0,10,2,0,SELECT,5,,,,770,,354,0.315596,0.004278,0.104954,0.101466,0.477747,,,,,,,,,,,,,
gro,Hop10Rep2-0,10,2,0,BATCH,5,,,,,,354,,,,,,34,0.101100,,,,,,,,,,,
gro,Hop10Rep2-0,10,2,0,REROUTE,5,,,,,,,,,,,,,,354,0.153081,0.079335,0.274250,,,,,,,
gro,Hop10Rep2-0,10,2,0,ITERATION,5,,2.508808,,,,354,,,,,,,,,,,,,,,,,,
gro,Hop10Rep2-0,10,2,0,EVALUATE,6,2048,1.183967,,,,,,,,,,,,,,,,,,,,,,
gro,Hop10Rep2-0,10,2,0,TDG,6,,0.213527,43457,,,,,,,,,,,,,,,,,,,,,
gro,Hop10Rep2-0,10,2,0,IMPACT,6,,0.132364,43457,,,,,,,,,,,,,,,,,,,,,
gro,Hop10Rep2-0,10,2,0,CANDIDATE,6,,,,617,0.080603,,,,,,,,,,,,,,,,,,,
gro,Hop10Rep2-0,10,2,0,SELECT,6,,,,617,,294,0.270666,0.002979,0.079463,0.077330,0.395415,,,,,,,,,,,,,
gro,Hop10Rep2-0,10,2,0,BATCH,6,,,,,,294,,,,,,35,0.067616,,,,,,,,,,,
gro,Hop10Rep2-0,10,2,0,REROUTE,6,,,,,,,,,,,,,,294,0.125286,0.062505,0.228721,,,,,,,
gro,Hop10Rep2-0,10,2,0,ITERATION,6,,2.327690,,,,294,,,,,,,,,,,,,,,,,,
gro,Hop10Rep2-0,10,2,0,EVALUATE,7,2048,1.177931,,,,,,,,,,,,,,,,,,,,,,
gro,Hop10Rep2-0,10,2,0,TDG,7,,0.216044,43595,,,,,,,,,,,,,,,,,,,,,
gro,Hop10Rep2-0,10,2,0,IMPACT,7,,0.133326,43595,,,,,,,,,,,,,,,,,,,,,
gro,Hop10Rep2-0,10,2,0,CANDIDATE,7,,,,661,0.082154,,,,,,,,,,,,,,,,,,,
gro,Hop10Rep2-0,10,2,0,SELECT,7,,,,661,,305,0.284333,0.003252,0.094270,0.091399,0.422726,,,,,,,,,,,,,
gro,Hop10Rep2-0,10,2,0,BATCH,7,,,,,,305,,,,,,34,0.073474,,,,,,,,,,,
gro,Hop10Rep2-0,10,2,0,REROUTE,7,,,,,,,,,,,,,,305,0.140397,0.071988,0.253289,,,,,,,
gro,Hop10Rep2-0,10,2,0,ITERATION,7,,2.384147,,,,305,,,,,,,,,,,,,,,,,,
gro,Hop10Rep2-0,10,2,0,EVALUATE,8,2048,1.162413,,,,,,,,,,,,,,,,,,,,,,
gro,Hop10Rep2-0,10,2,0,TDG,8,,0.210979,43254,,,,,,,,,,,,,,,,,,,,,
gro,Hop10Rep2-0,10,2,0,IMPACT,8,,0.135532,43254,,,,,,,,,,,,,,,,,,,,,
gro,Hop10Rep2-0,10,2,0,CANDIDATE,8,,,,610,0.080204,,,,,,,,,,,,,,,,,,,
gro,Hop10Rep2-0,10,2,0,SELECT,8,,,,610,,290,0.267999,0.002917,0.078840,0.076627,0.390049,,,,,,,,,,,,,
gro,Hop10Rep2-0,10,2,0,BATCH,8,,,,,,290,,,,,,34,0.057127,,,,,,,,,,,
gro,Hop10Rep2-0,10,2,0,REROUTE,8,,,,,,,,,,,,,,290,0.121071,0.061053,0.224755,,,,,,,
gro,Hop10Rep2-0,10,2,0,ITERATION,8,,2.287311,,,,290,,,,,,,,,,,,,,,,,,
gro,Hop10Rep2-0,10,2,0,EVALUATE,9,2048,1.181734,,,,,,,,,,,,,,,,,,,,,,
gro,Hop10Rep2-0,10,2,0,TDG,9,,0.214950,42751,,,,,,,,,,,,,,,,,,,,,
gro,Hop10Rep2-0,10,2,0,IMPACT,9,,0.131935,42751,,,,,,,,,,,,,,,,,,,,,
gro,Hop10Rep2-0,10,2,0,CANDIDATE,9,,,,522,0.081191,,,,,,,,,,,,,,,,,,,
gro,Hop10Rep2-0,10,2,0,SELECT,9,,,,522,,243,0.261048,0.002476,0.067683,0.065700,0.371790,,,,,,,,,,,,,
gro,Hop10Rep2-0,10,2,0,BATCH,9,,,,,,243,,,,,,30,0.060656,,,,,,,,,,,
gro,Hop10Rep2-0,10,2,0,REROUTE,9,,,,,,,,,,,,,,243,0.110548,0.055511,0.205558,,,,,,,
gro,Hop10Rep2-0,10,2,0,ITERATION,9,,2.273150,,,,243,,,,,,,,,,,,,,,,,,
gro,Hop10Rep2-0,10,2,0,EVALUATE,-1,2048,1.157778,,,,,,,,,,,,,,,,,,,,,,
gro,Hop10Rep2-0,10,2,0,RUN,-1,2048,25.913171,,,,,,,,,,,,,,,,,,,,,,
baseline,Hop10Rep2-0,10,2,0,BASELINE_INITIAL,,,,,,,,,,,,,,,,,,,0.221041,,,,,,
baseline,Hop10Rep2-0,10,2,0,BASELINE,0,,,,,,614,,,,,,,,,,,,,614,66208060,1.451142,0.107848,1.559441,
baseline,Hop10Rep2-0,10,2,0,BASELINE,1,,,,,,614,,,,,,,,,,,,,614,60822408,1.596958,0.136505,1.733893,
baseline,Hop10Rep2-0,10,2,0,BASELINE,2,,,,,,614,,,,,,,,,,,,,614,60057564,1.422276,0.109984,1.532745,
baseline,Hop10Rep2-0,10,2,0,BASELINE,3,,,,,,614,,,,,,,,,,,,,614,59088274,1.428306,0.107543,1.536308,
baseline,Hop10Rep2-0,10,2,0,BASELINE,4,,,,,,614,,,,,,,,,,,,,614,58861624,1.396309,0.123700,1.520460,
baseline,Hop10Rep2-0,10,2,0,BASELINE,5,,,,,,614,,,,,,,,,,,,,614,57664372,1.369691,0.120608,1.490750,
baseline,Hop10Rep2-0,10,2,0,BASELINE,6,,,,,,614,,,,,,,,,,,,,614,57971948,1.397525,0.112484,1.510501,
baseline,Hop10Rep2-0,10,2,0,BASELINE,7,,,,,,614,,,,,,,,,,,,,614,57877644,1.379980,0.112394,1.492805,
baseline,Hop10Rep2-0,10,2,0,BASELINE,8,,,,,,614,,,,,,,,,,,,,614,57429654,1.399796,0.140240,1.540477,
baseline,Hop10Rep2-0,10,2,0,BASELINE,9,,,,,,614,,,,,,,,,,,,,614,58757233,1.358621,0.111514,1.470561,
baseline,Hop10Rep2-0,10,2,0,BASELINE_FINAL,,,,,,,,,,,,,,,,,,,,,57809447,1.371066,,,16.983133
gro,Hop10Rep4-0,10,4,0,INITIAL_ROUTES,-1,4096,0.427820,,,,,,,,,,,,,,,,,,,,,,
gro,Hop10Rep4-0,10,4,0,EVALUATE,0,4096,3.484764,,,,,,,,,,,,,,,,,,,,,,
gro,Hop10Rep4-0,10,4,0,TDG,0,,0.512371,46719,,,,,,,,,,,,,,,,,,,,,
gro,Hop10Rep4-0,10,4,0,IMPACT,0,,0.159304,46719,,,,,,,,,,,,,,,,,,,,,
gro,Hop10Rep4-0,10,4,0,CANDIDATE,0,,,,1635,0.104606,,,,,,,,,,,,,,,,,,,
gro,Hop10Rep4-0,10,4,0,SELECT,0,,,,1635,,436,0.312518,0.019666,0.301323,0.295852,0.679592,,,,,,,,,,,,,
gro,Hop10Rep4-0,10,4,0,BATCH,0,,,,,,436,,,,,,158,1.527843,,,,,,,,,,,
gro,Hop10Rep4-0,10,4,0,REROUTE,0,,,,,,,,,,,,,,436,0.330426,0.001738,0.377092,,,,,,,
gro,Hop10Rep4-0,10,4,0,ITERATION,0,,6.875290,,,,436,,,,,,,,,,,,,,,,,,
gro,Hop10Rep4-0,10,4,0,EVALUATE,1,4096,4.079669,,,,,,,,,,,,,,,,,,,,,,
gro,Hop10Rep4-0,10,4,0,TDG,1,,0.570290,67520,,,,,,,,,,,,,,,,,,,,,
gro,Hop10Rep4-0,10,4,0,IMPACT,1,,0.225163,67520,,,,,,,,,,,,,,,,,,,,,
gro,Hop10Rep4-0,10,4,0,CANDIDATE,1,,,,1478,0.141799,,,,,,,,,,,,,,,,,,,
gro,Hop10Rep4-0,10,4,0,SELECT,1,,,,1478,,377,0.441561,0.018374,0.234255,0.229840,0.756823,,,,,,,,,,,,,
gro,Hop10Rep4-0,10,4,0,BATCH,1,,,,,,377,,,,,,91,0.525565,,,,,,,,,,,
gro,Hop10Rep4-0,10,4,0,REROUTE,1,,,,,,,,,,,,,,377,0.259028,0.026950,0.352924,,,,,,,
gro,Hop10Rep4-0,10,4,0,ITERATION,1,,6.692285,,,,377,,,,,,,,,,,,,,,,,,
gro,Hop10Rep4-0,10,4,0,EVALUATE,2,4096,4.125101,,,,,,,,,,,,,,,,,,,,,,
gro,Hop10Rep4-0,10,4,0,TDG,2,,0.587904,80610,,,,,,,,,,,,,,,,,,,,,
gro,Hop10Rep4-0,10,4,0,IMPACT,2,,0.267876,80610,,,,,,,,,,,,,,,,,,,,,
gro,Hop10Rep4-0,10,4,0,CANDIDATE,2,,,,1497,0.167080,,,,,,,,,,,,,,,,,,,
gro,Hop10Rep4-0,10,4,0,SELECT,2,,,,1497,,716,0.534179,0.014258,0.384706,0.375335,1.005008,,,,,,,,,,,,,
gro,Hop10Rep4-0,10,4,0,BATCH,2,,,,,,716,,,,,,58,0.299375,,,,,,,,,,,
gro,Hop10Rep4-0,10,4,0,REROUTE,2,,,,,,,,,,,,,,716,0.350325,0.091640,0.515686,,,,,,,
gro,Hop10Rep4-0,10,4,0,ITERATION,2,,7.014929,,,,716,,,,,,,,,,,,,,,,,,
gro,Hop10Rep4-0,10,4,0,EVALUATE,3,4096,4.021380,,,,,,,,,,,,,,,,,,,,,,
gro,Hop10Rep4-0,10,4,0,TDG,3,,0.625091,96164,,,,,,,,,,,,,,,,,,,,,
gro,Hop10Rep4-0,10,4,0,IMPACT,3,,0.319537,96164,,,,,,,,,,,,,,,,,,,,,
gro,Hop10Rep4-0,10,4,0,CANDIDATE,3,,,,1538,0.221227,,,,,,,,,,,,,,,,,,,
gro,Hop10Rep4-0,10,4,0,SELECT,3,,,,1538,,721,0.688486,0.014389,0.406909,0.396899,1.194306,,,,,,,,,,,,,
gro,Hop10Rep4-0,10,4,0,BATCH,3,,,,,,721,,,,,,42,0.332365,,,,,,,,,,,
gro,Hop10Rep4-0,10,4,0,REROUTE,3,,,,,,,,,,,,,,721,0.324189,0.094928,0.520300,,,,,,,
gro,Hop10Rep4-0,10,4,0,ITERATION,3,,7.288587,,,,721,,,,,,,,,,,,,,,,,,
gro,Hop10Rep4-0,10,4,0,EVALUATE,4,4096,3.916998,,,,,,,,,,,,,,,,,,,,,,
gro,Hop10Rep4-0,10,4,0,TDG,4,,0.689366,102846,,,,,,,,,,,,,,,,,,,,,
gro,Hop10Rep4-0,10,4,0,IMPACT,4,,0.346943,102846,,,,,,,,,,,,,,,,,,,,,
gro,Hop10Rep4-0,10,4,0,CANDIDATE,4,,,,1653,0.204356,,,,,,,,,,,,,,,,,,,
gro,Hop10Rep4-0,10,4,0,SELECT,4,,,,1653,,742,0.686592,0.014926,0.379351,0.368033,1.170635,,,,,,,,,,,,,
gro,Hop10Rep4-0,10,4,0,BATCH,4,,,,,,742,,,,,,52,0.377665,,,,,,,,,,,
gro,Hop10Rep4-0,10,4,0,REROUTE,4,,,,,,,,,,,,,,742,0.351230,0.146011,0.590168,,,,,,,
gro,Hop10Rep4-0,10,4,0,ITERATION,4,,7.354030,,,,742,,,,,,,,,,,,,,,,,,
gro,Hop10Rep4-0,10,4,0,EVALUATE,5,4096,3.781064,,,,,,,,,,,,,,,,,,,,,,
gro,Hop10Rep4-0,10,4,0,TDG,5,,0.608072,106461,,,,,,,,,,,,,,,,,,,,,
gro,Hop10Rep4-0,10,4,0,IMPACT,5,,0.356307,106461,,,,,,,,,,,,,,,,,,,,,
gro,Hop10Rep4-0,10,4,0,CANDIDATE,5,,,,1499,0.217233,,,,,,,,,,,,,,,,,,,
gro,Hop10Rep4-0,10,4,0,SELECT,5,,,,1499,,700,0.696255,0.013031,0.341880,0.331319,1.145863,,,,,,,,,,,,,
gro,Hop10Rep4-0,10,4,0,BATCH,5,,,,,,700,,,,,,51,0.455484,,,,,,,,,,,
gro,Hop10Rep4-0,10,4,0,REROUTE,5,,,,,,,,,,,,,,700,0.320836,0.185154,0.600369,,,,,,,
gro,Hop10Rep4-0,10,4,0,ITERATION,5,,7.223568,,,,700,,,,,,,,,,,,,,,,,,
gro,Hop10Rep4-0,10,4,0,EVALUATE,6,4096,3.607793,,,,,,,,,,,,,,,,,,,,,,
gro,Hop10Rep4-0,10,4,0,TDG,6,,0.603273,104089,,,,,,,,,,,,,,,,,,,,,
gro,Hop10Rep4-0,10,4,0,IMPACT,6,,0.345222,104089,,,,,,,,,,,,,,,,,,,,,
gro,Hop10Rep4-0,10,4,0,CANDIDATE,6,,,,1335,0.209413,,,,,,,,,,,,,,,,,,,
gro,Hop10Rep4-0,10,4,0,SELECT,6,,,,1335,,630,0.701079,0.011284,0.302359,0.293028,1.110292,,,,,,,,,,,,,
gro,Hop10Rep4-0,10,4,0,BATCH,6,,,,,,630,,,,,,50,0.345804,,,,,,,,,,,
gro,Hop10Rep4-0,10,4,0,REROUTE,6,,,,,,,,,,,,,,630,0.303010,0.183671,0.579644,,,,,,,
gro,Hop10Rep4-0,10,4,0,ITERATION,6,,6.859565,,,,630,,,,,,,,,,,,,,,,,,
gro,Hop10Rep4-0,10,4,0,EVALUATE,7,4096,3.573054,,,,,,,,,,,,,,,,,,,,,,
gro,Hop10Rep4-0,10,4,0,TDG,7,,0.591992,104178,,,,,,,,,,,,,,,,,,,,,
gro,Hop10Rep4-0,10,4,0,IMPACT,7,,0.349712,104178,,,,,,,,,,,,,,,,,,,,,
gro,Hop10Rep4-0,10,4,0,CANDIDATE,7,,,,1225,0.214015,,,,,,,,,,,,,,,,,,,
gro,Hop10Rep4-0,10,4,0,SELECT,7,,,,1225,,563,0.691122,0.010957,0.288006,0.278569,1.083826,,,,,,,,,,,,,
gro,Hop10Rep4-0,10,4,0,BATCH,7,,,,,,563,,,,,,51,0.373000,,,,,,,,,,,
gro,Hop10Rep4-0,10,4,0,REROUTE,7,,,,,,,,,,,,,,563,0.268589,0.156081,0.518090,,,,,,,
gro,Hop10Rep4-0,10,4,0,ITERATION,7,,6.763014,,,,563,,,,,,,,,,,,,,,,,,
gro,Hop10Rep4-0,10,4,0,EVALUATE,8,4096,3.538308,,,,,,,,,,,,,,,,,,,,,,
gro,Hop10Rep4-0,10,4,0,TDG,8,,0.643010,99913,,,,,,,,,,,,,,,,,,,,,
gro,Hop10Rep4-0,10,4,0,IMPACT,8,,0.322600,99913,,,,,,,,,,,,,,,,,,,,,
gro,Hop10Rep4-0,10,4,0,CANDIDATE,8,,,,955,0.195895,,,,,,,,,,,,,,,,,,,
gro,Hop10Rep4-0,10,4,0,SELECT,8,,,,955,,455,0.668180,0.007308,0.211059,0.205417,0.972143,,,,,,,,,,,,,
gro,Hop10Rep4-0,10,4,0,BATCH,8,,,,,,455,,,,,,33,0.217769,,,,,,,,,,,
gro,Hop10Rep4-0,10,4,0,REROUTE,8,,,,,,,,,,,,,,455,0.243462,0.154885,0.488527,,,,,,,
gro,Hop10Rep4-0,10,4,0,ITERATION,8,,6.434316,,,,455,,,,,,,,,,,,,,,,,,
gro,Hop10Rep4-0,10,4,0,EVALUATE,9,4096,3.532395,,,,,,,,,,,,,,,,,,,,,,
gro,Hop10Rep4-0,10,4,0,TDG,9,,0.560340,98737,,,,,,,,,,,,,,,,,,,,,
gro,Hop10Rep4-0,10,4,0,IMPACT,9,,0.324948,98737,,,,,,,,,,,,,,,,,,,,,
gro,Hop10Rep4-0,10,4,0,CANDIDATE,9,,,,1143,0.197838,,,,,,,,,,,,,,,,,,,
gro,Hop10Rep4-0,10,4,0,SELECT,9,,,,1143,,536,0.685347,0.008951,0.240188,0.232826,1.023655,,,,,,,,,,,,,
gro,Hop10Rep4-0,10,4,0,BATCH,9,,,,,,536,,,,,,39,0.248719,,,,,,,,,,,
gro,Hop10Rep4-0,10,4,0,REROUTE,9,,,,,,,,,,,,,,536,0.359279,0.204001,0.653659,,,,,,,
gro,Hop10Rep4-0,10,4,0,ITERATION,9,,6.596716,,,,536,,,,,,,,,,,,,,,,,,
gro,Hop10Rep4-0,10,4,0,EVALUATE,-1,4096,3.504097,,,,,,,,,,,,,,,,,,,,,,
gro,Hop10Rep4-0,10,4,0,RUN,-1,4096,73.367581,,,,,,,,,,,,,,,,,,,,,,
baseline,Hop10Rep4-0,10,4,0,BASELINE_INITIAL,,,,,,,,,,,,,,,,,,,0.453258,,,,,,
baseline,Hop10Rep4-0,10,4,0,BASELINE,0,,,,,,1228,,,,,,,,,,,,,1228,162588845,3.614257,0.226946,3.842095,
baseline,Hop10Rep4-0,10,4,0,BASELINE,1,,,,,,1228,,,,,,,,,,,,,1228,153464421,4.130533,0.236488,4.367945,
baseline,Hop10Rep4-0,10,4,0,BASELINE,2,,,,,,1228,,,,,,,,,,,,,1228,149957997,4.268809,0.246072,4.515759,
baseline,Hop10Rep4-0,10,4,0,BASELINE,3,,,,,,1228,,,,,,,,,,,,,1228,143850110,4.022635,0.389862,4.413401,
baseline,Hop10Rep4-0,10,4,0,BASELINE,4,,,,,,1228,,,,,,,,,,,,,1228,148807026,4.065516,0.262408,4.328779,
baseline,Hop10Rep4-0,10,4,0,BASELINE,5,,,,,,1228,,,,,,,,,,,,,1228,144748559,3.976612,0.259764,4.237266,
baseline,Hop10Rep4-0,10,4,0,BASELINE,6,,,,,,1228,,,,,,,,,,,,,1228,140966986,3.959927,0.299347,4.260102,
baseline,Hop10Rep4-0,10,4,0,BASELINE,7,,,,,,1228,,,,,,,,,,,,,1228,140216575,3.790838,0.251648,4.043349,
baseline,Hop10Rep4-0,10,4,0,BASELINE,8,,,,,,1228,,,,,,,,,,,,,1228,138933687,3.872939,0.254203,4.127935,
baseline,Hop10Rep4-0,10,4,0,BASELINE,9,,,,,,1228,,,,,,,,,,,,,1228,139630871,3.913788,0.258145,4.172807,
baseline,Hop10Rep4-0,10,4,0,BASELINE_FINAL,,,,,,,,,,,,,,,,,,,,,143320677,3.972044,,,46.740249
gro,Hop20Rep1-0,20,1,0,INITIAL_ROUTES,-1,1024,0.169365,,,,,,,,,,,,,,,,,,,,,,
gro,Hop20Rep1-0,20,1,0,EVALUATE,0,1024,2.188956,,,,,,,,,,,,,,,,,,,,,,
gro,Hop20Rep1-0,20,1,0,TDG,0,,0.295248,21681,,,,,,,,,,,,,,,,,,,,,
gro,Hop20Rep1-0,20,1,0,IMPACT,0,,0.070696,21681,,,,,,,,,,,,,,,,,,,,,
gro,Hop20Rep1-0,20,1,0,CANDIDATE,0,,,,234,0.052463,,,,,,,,,,,,,,,,,,,
gro,Hop20Rep1-0,20,1,0,SELECT,0,,,,234,,115,0.140886,0.005741,0.178474,0.175229,0.347615,,,,,,,,,,,,,
gro,Hop20Rep1-0,20,1,0,BATCH,0,,,,,,115,,,,,,43,0.180326,,,,,,,,,,,
gro,Hop20Rep1-0,20,1,0,REROUTE,0,,,,,,,,,,,,,,115,0.117151,0.002340,0.141101,,,,,,,
gro,Hop20Rep1-0,20,1,0,ITERATION,0,,3.289561,,,,115,,,,,,,,,,,,,,,,,,
gro,Hop20Rep1-0,20,1,0,EVALUATE,1,1024,1.985972,,,,,,,,,,,,,,,,,,,,,,
gro,Hop20Rep1-0,20,1,0,TDG,1,,0.246069,22891,,,,,,,,,,,,,,,,,,,,,
gro,Hop20Rep1-0,20,1,0,IMPACT,1,,0.073572,22891,,,,,,,,,,,,,,,,,,,,,
gro,Hop20Rep1-0,20,1,0,CANDIDATE,1,,,,201,0.052744,,,,,,,,,,,,,,,,,,,
gro,Hop20Rep1-0,20,1,0,SELECT,1,,,,201,,95,0.147024,0.003710,0.116118,0.113811,0.289836,,,,,,,,,,,,,
gro,Hop20Rep1-0,20,1,0,BATCH,1,,,,,,95,,,,,,33,0.109532,,,,,,,,,,,
gro,Hop20Rep1-0,20,1,0,REROUTE,1,,,,,,,,,,,,,,95,0.069178,0.007185,0.099282,,,,,,,
gro,Hop20Rep1-0,20,1,0,ITERATION,1,,2.870990,,,,95,,,,,,,,,,,,,,,,,,
gro,Hop20Rep1-0,20,1,0,EVALUATE,2,1024,1.597762,,,,,,,,,,,,,,,,,,,,,,
gro,Hop20Rep1-0,20,1,0,TDG,2,,0.211500,25115,,,,,,,,,,,,,,,,,,,,,
gro,Hop20Rep1-0,20,1,0,IMPACT,2,,0.077688,25115,,,,,,,,,,,,,,,,,,,,,
gro,Hop20Rep1-0,20,1,0,CANDIDATE,2,,,,189,0.052379,,,,,,,,,,,,,,,,,,,
gro,Hop20Rep1-0,20,1,0,SELECT,2,,,,189,,88,0.153236,0.002350,0.072538,0.071128,0.252530,,,,,,,,,,,,,
gro,Hop20Rep1-0,20,1,0,BATCH,2,,,,,,88,,,,,,26,0.062476,,,,,,,,,,,
gro,Hop20Rep1-0,20,1,0,REROUTE,2,,,,,,,,,,,,,,88,0.058857,0.010356,0.094782,,,,,,,
gro,Hop20Rep1-0,20,1,0,ITERATION,2,,2.364671,,,,88,,,,,,,,,,,,,,,,,,
gro,Hop20Rep1-0,20,1,0,EVALUATE,3,1024,1.371834,,,,,,,,,,,,,,,,,,,,,,
gro,Hop20Rep1-0,20,1,0,TDG,3,,0.198225,26354,,,,,,,,,,,,,,,,,,,,,
gro,Hop20Rep1-0,20,1,0,IMPACT,3,,0.081853,26354,,,,,,,,,,,,,,,,,,,,,
gro,Hop20Rep1-0,20,1,0,CANDIDATE,3,,,,179,0.053457,,,,,,,,,,,,,,,,,,,
gro,Hop20Rep1-0,20,1,0,SELECT,3,,,,179,,85,0.162985,0.002058,0.061654,0.060500,0.252495,,,,,,,,,,,,,
gro,Hop20Rep1-0,20,1,0,BATCH,3,,,,,,85,,,,,,21,0.052109,,,,,,,,,,,
gro,Hop20Rep1-0,20,1,0,REROUTE,3,,,,,,,,,,,,,,85,0.067142,0.010790,0.106032,,,,,,,
gro,Hop20Rep1-0,20,1,0,ITERATION,3,,2.131712,,,,85,,,,,,,,,,,,,,,,,,
gro,Hop20Rep1-0,20,1,0,EVALUATE,4,1024,1.218627,,,,,,,,,,,,,,,,,,,,,,
gro,Hop20Rep1-0,20,1,0,TDG,4,,0.177246,27591,,,,,,,,,,,,,,,,,,,,,
gro,Hop20Rep1-0,20,1,0,IMPACT,4,,0.082345,27591,,,,,,,,,,,,,,,,,,,,,
gro,Hop20Rep1-0,20,1,0,CANDIDATE,4,,,,311,0.052450,,,,,,,,,,,,,,,,,,,
gro,Hop20Rep1-0,20,1,0,SELECT,4,,,,311,,138,0.161792,0.002823,0.075416,0.073801,0.267007,,,,,,,,,,,,,
gro,Hop20Rep1-0,20,1,0,BATCH,4,,,,,,138,,,,,,31,0.057716,,,,,,,,,,,
gro,Hop20Rep1-0,20,1,0,REROUTE,4,,,,,,,,,,,,,,138,0.083961,0.022368,0.133038,,,,,,,
gro,Hop20Rep1-0,20,1,0,ITERATION,4,,2.005114,,,,138,,,,,,,,,,,,,,,,,,
gro,Hop20Rep1-0,20,1,0,EVALUATE,5,1024,1.021732,,,,,,,,,,,,,,,,,,,,,,
gro,Hop20Rep1-0,20,1,0,TDG,5,,0.168843,30098,,,,,,,,,,,,,,,,,,,,,
gro,Hop20Rep1-0,20,1,0,IMPACT,5,,0.091067,30098,,,,,,,,,,,,,,,,,,,,,
gro,Hop20Rep1-0,20,1,0,CANDIDATE,5,,,,230,0.057718,,,,,,,,,,,,,,,,,,,
gro,Hop20Rep1-0,20,1,0,SELECT,5,,,,230,,106,0.181983,0.001791,0.047508,0.046358,0.260907,,,,,,,,,,,,,
gro,Hop20Rep1-0,20,1,0,BATCH,5,,,,,,106,,,,,,24,0.042006,,,,,,,,,,,
gro,Hop20Rep1-0,20,1,0,REROUTE,5,,,,,,,,,,,,,,106,0.062841,0.020606,0.112667,,,,,,,
gro,Hop20Rep1-0,20,1,0,ITERATION,5,,1.773033,,,,106,,,,,,,,,,,,,,,,,,
gro,Hop20Rep1-0,20,1,0,EVALUATE,6,1024,0.951417,,,,,,,,,,,,,,,,,,,,,,
gro,Hop20Rep1-0,20,1,0,TDG,6,,0.168321,31759,,,,,,,,,,,,,,,,,,,,,
gro,Hop20Rep1-0,20,1,0,IMPACT,6,,0.097239,31759,,,,,,,,,,,,,,,,,,,,,
gro,Hop20Rep1-0,20,1,0,CANDIDATE,6,,,,296,0.059874,,,,,,,,,,,,,,,,,,,
gro,Hop20Rep1-0,20,1,0,SELECT,6,,,,296,,142,0.195056,0.002204,0.062865,0.061345,0.291629,,,,,,,,,,,,,
gro,Hop20Rep1-0,20,1,0,BATCH,6,,,,,,142,,,,,,34,0.054866,,,,,,,,,,,
gro,Hop20Rep1-0,20,1,0,REROUTE,6,,,,,,,,,,,,,,142,0.080868,0.030335,0.141415,,,,,,,
gro,Hop20Rep1-0,20,1,0,ITERATION,6,,1.783685,,,,142,,,,,,,,,,,,,,,,,,
gro,Hop20Rep1-0,20,1,0,EVALUATE,7,1024,0.946507,,,,,,,,,,,,,,,,,,,,,,
gro,Hop20Rep1-0,20,1,0,TDG,7,,0.171945,32723,,,,,,,,,,,,,,,,,,,,,
gro,Hop20Rep1-0,20,1,0,IMPACT,7,,0.125227,32723,,,,,,,,,,,,,,,,,,,,,
gro,Hop20Rep1-0,20,1,0,CANDIDATE,7,,,,237,0.063165,,,,,,,,,,,,,,,,,,,
gro,Hop20Rep1-0,20,1,0,SELECT,7,,,,237,,107,0.198487,0.001694,0.042583,0.041270,0.273643,,,,,,,,,,,,,
gro,Hop20Rep1-0,20,1,0,BATCH,7,,,,,,107,,,,,,24,0.057005,,,,,,,,,,,
gro,Hop20Rep1-0,20,1,0,REROUTE,7,,,,,,,,,,,,,,107,0.064958,0.023502,0.120245,,,,,,,
gro,Hop20Rep1-0,20,1,0,ITERATION,7,,1.777327,,,,107,,,,,,,,,,,,,,,,,,
gro,Hop20Rep1-0,20,1,0,EVALUATE,8,1024,0.924299,,,,,,,,,,,,,,,,,,,,,,
gro,Hop20Rep1-0,20,1,0,TDG,8,,0.171750,34711,,,,,,,,,,,,,,,,,,,,,
gro,Hop20Rep1-0,20,1,0,IMPACT,8,,0.106506,34711,,,,,,,,,,,,,,,,,,,,,
gro,Hop20Rep1-0,20,1,0,CANDIDATE,8,,,,171,0.066457,,,,,,,,,,,,,,,,,,,
gro,Hop20Rep1-0,20,1,0,SELECT,8,,,,171,,76,0.211619,0.000980,0.024985,0.024280,0.271179,,,,,,,,,,,,,
gro,Hop20Rep1-0,20,1,0,BATCH,8,,,,,,76,,,,,,14,0.022106,,,,,,,,,,,
gro,Hop20Rep1-0,20,1,0,REROUTE,8,,,,,,,,,,,,,,76,0.036070,0.017630,0.086810,,,,,,,
gro,Hop20Rep1-0,20,1,0,ITERATION,8,,1.669278,,,,76,,,,,,,,,,,,,,,,,,
gro,Hop20Rep1-0,20,1,0,EVALUATE,9,1024,0.932734,,,,,,,,,,,,,,,,,,,,,,
gro,Hop20Rep1-0,20,1,0,TDG,9,,0.176909,35075,,,,,,,,,,,,,,,,,,,,,
gro,Hop20Rep1-0,20,1,0,IMPACT,9,,0.108461,35075,,,,,,,,,,,,,,,,,,,,,
gro,Hop20Rep1-0,20,1,0,CANDIDATE,9,,,,182,0.066730,,,,,,,,,,,,,,,,,,,
gro,Hop20Rep1-0,20,1,0,SELECT,9,,,,182,,81,0.212267,0.001172,0.028117,0.027213,0.275028,,,,,,,,,,,,,
gro,Hop20Rep1-0,20,1,0,BATCH,9,,,,,,81,,,,,,17,0.028577,,,,,,,,,,,
gro,Hop20Rep1-0,20,1,0,REROUTE,9,,,,,,,,,,,,,,81,0.044932,0.020551,0.098700,,,,,,,
gro,Hop20Rep1-0,20,1,0,ITERATION,9,,1.708642,,,,81,,,,,,,,,,,,,,,,,,
gro,Hop20Rep1-0,20,1,0,EVALUATE,-1,1024,0.936562,,,,,,,,,,,,,,,,,,,,,,
gro,Hop20Rep1-0,20,1,0,RUN,-1,1024,22.588033,,,,,,,,,,,,,,,,,,,,,,
baseline,Hop20Rep1-0,20,1,0,BASELINE_INITIAL,,,,,,,,,,,,,,,,,,,0.188852,,,,,,
baseline,Hop20Rep1-0,20,1,0,BASELINE,0,,,,,,307,,,,,,,,,,,,,307,61370530,2.194521,0.076926,2.271690,
baseline,Hop20Rep1-0,20,1,0,BASELINE,1,,,,,,307,,,,,,,,,,,,,307,55144389,1.642766,0.086470,1.729517,
baseline,Hop20Rep1-0,20,1,0,BASELINE,2,,,,,,307,,,,,,,,,,,,,307,50261023,1.232928,0.084080,1.317250,
baseline,Hop20Rep1-0,20,1,0,BASELINE,3,,,,,,307,,,,,,,,,,,,,307,51431012,1.311730,0.089189,1.401166,
baseline,Hop20Rep1-0,20,1,0,BASELINE,4,,,,,,307,,,,,,,,,,,,,307,49709324,1.155337,0.084803,1.240415,
baseline,Hop20Rep1-0,20,1,0,BASELINE,5,,,,,,307,,,,,,,,,,,,,307,49139800,1.081195,0.094431,1.175879,
baseline,Hop20Rep1-0,20,1,0,BASELINE,6,,,,,,307,,,,,,,,,,,,,307,49400560,1.097917,0.078783,1.176987,
baseline,Hop20Rep1-0,20,1,0,BASELINE,7,,,,,,307,,,,,,,,,,,,,307,50034456,1.084164,0.081290,1.165694,
baseline,Hop20Rep1-0,20,1,0,BASELINE,8,,,,,,307,,,,,,,,,,,,,307,48426415,0.991039,0.075280,1.066549,
baseline,Hop20Rep1-0,20,1,0,BASELINE,9,,,,,,307,,,,,,,,,,,,,307,47808311,1.029467,0.075806,1.105525,
baseline,Hop20Rep1-0,20,1,0,BASELINE_FINAL,,,,,,,,,,,,,,,,,,,,,47875537,1.093652,,,14.935294
gro,Hop20Rep2-0,20,2,0,INITIAL_ROUTES,-1,2048,0.283714,,,,,,,,,,,,,,,,,,,,,,
gro,Hop20Rep2-0,20,2,0,EVALUATE,0,2048,6.501762,,,,,,,,,,,,,,,,,,,,,,
gro,Hop20Rep2-0,20,2,0,TDG,0,,0.846242,35754,,,,,,,,,,,,,,,,,,,,,
gro,Hop20Rep2-0,20,2,0,IMPACT,0,,0.122141,35754,,,,,,,,,,,,,,,,,,,,,
gro,Hop20Rep2-0,20,2,0,CANDIDATE,0,,,,481,0.131484,,,,,,,,,,,,,,,,,,,
gro,Hop20Rep2-0,20,2,0,SELECT,0,,,,481,,148,0.277036,0.020381,0.495645,0.488004,0.866873,,,,,,,,,,,,,
gro,Hop20Rep2-0,20,2,0,BATCH,0,,,,,,148,,,,,,94,0.817071,,,,,,,,,,,
gro,Hop20Rep2-0,20,2,0,REROUTE,0,,,,,,,,,,,,,,148,0.178757,0.002509,0.216087,,,,,,,
gro,Hop20Rep2-0,20,2,0,ITERATION,0,,9.523807,,,,148,,,,,,,,,,,,,,,,,,
gro,Hop20Rep2-0,20,2,0,EVALUATE,1,2048,6.697323,,,,,,,,,,,,,,,,,,,,,,
gro,Hop20Rep2-0,20,2,0,TDG,1,,0.773021,39423,,,,,,,,,,,,,,,,,,,,,
gro,Hop20Rep2-0,20,2,0,IMPACT,1,,0.133673,39423,,,,,,,,,,,,,,,,,,,,,
gro,Hop20Rep2-0,20,2,0,CANDIDATE,1,,,,367,0.114486,,,,,,,,,,,,,,,,,,,
gro,Hop20Rep2-0,20,2,0,SELECT,1,,,,367,,164,0.263059,0.011781,0.376076,0.369363,0.689151,,,,,,,,,,,,,
gro,Hop20Rep2-0,20,2,0,BATCH,1,,,,,,164,,,,,,50,0.370289,,,,,,,,,,,
gro,Hop20Rep2-0,20,2,0,REROUTE,1,,,,,,,,,,,,,,164,0.106619,0.013288,0.156947,,,,,,,
gro,Hop20Rep2-0,20,2,0,ITERATION,1,,8.958874,,,,164,,,,,,,,,,,,,,,,,,
gro,Hop20Rep2-0,20,2,0,EVALUATE,2,2048,6.206772,,,,,,,,,,,,,,,,,,,,,,
gro,Hop20Rep2-0,20,2,0,TDG,2,,0.721627,46130,,,,,,,,,,,,,,,,,,,,,
gro,Hop20Rep2-0,20,2,0,IMPACT,2,,0.145413,46130,,,,,,,,,,,,,,,,,,,,,
gro,Hop20Rep2-0,20,2,0,CANDIDATE,2,,,,340,0.118609,,,,,,,,,,,,,,,,,,,
gro,Hop20Rep2-0,20,2,0,SELECT,2,,,,340,,162,0.292017,0.011944,0.386408,0.380825,0.732195,,,,,,,,,,,,,
gro,Hop20Rep2-0,20,2,0,BATCH,2,,,,,,162,,,,,,57,0.535728,,,,,,,,,,,
gro,Hop20Rep2-0,20,2,0,REROUTE,2,,,,,,,,,,,,,,162,0.128078,0.017799,0.189749,,,,,,,
gro,Hop20Rep2-0,20,2,0,ITERATION,2,,8.677072,,,,162,,,,,,,,,,,,,,,,,,
gro,Hop20Rep2-0,20,2,0,EVALUATE,3,2048,5.458635,,,,,,,,,,,,,,,,,,,,,,
gro,Hop20Rep2-0,20,2,0,TDG,3,,0.654079,52255,,,,,,,,,,,,,,,,,,,,,
gro,Hop20Rep2-0,20,2,0,IMPACT,3,,0.162864,52255,,,,,,,,,,,,,,,,,,,,,
gro,Hop20Rep2-0,20,2,0,CANDIDATE,3,,,,285,0.124431,,,,,,,,,,,,,,,,,,,
gro,Hop20Rep2-0,20,2,0,SELECT,3,,,,285,,99,0.326234,0.007814,0.274391,0.270597,0.656100,,,,,,,,,,,,,
gro,Hop20Rep2-0,20,2,0,BATCH,3,,,,,,99,,,,,,53,0.402126,,,,,,,,,,,
gro,Hop20Rep2-0,20,2,0,REROUTE,3,,,,,,,,,,,,,,99,0.124605,0.022221,0.193397,,,,,,,
gro,Hop20Rep2-0,20,2,0,ITERATION,3,,7.682099,,,,99,,,,,,,,,,,,,,,,,,
gro,Hop20Rep2-0,20,2,0,EVALUATE,4,2048,4.863026,,,,,,,,,,,,,,,,,,,,,,
gro,Hop20Rep2-0,20,2,0,TDG,4,,0.602429,55324,,,,,,,,,,,,,,,,,,,,,
gro,Hop20Rep2-0,20,2,0,IMPACT,4,,0.174194,55324,,,,,,,,,,,,,,,,,,,,,
gro,Hop20Rep2-0,20,2,0,CANDIDATE,4,,,,351,0.124756,,,,,,,,,,,,,,,,,,,
gro,Hop20Rep2-0,20,2,0,SELECT,4,,,,351,,167,0.345442,0.007156,0.222213,0.218774,0.623127,,,,,,,,,,,,,
gro,Hop20Rep2-0,20,2,0,BATCH,4,,,,,,167,,,,,,35,0.222402,,,,,,,,,,,
gro,Hop20Rep2-0,20,2,0,REROUTE,4,,,,,,,,,,,,,,167,0.094385,0.042531,0.185245,,,,,,,
gro,Hop20Rep2-0,20,2,0,ITERATION,4,,6.826406,,,,167,,,,,,,,,,,,,,,,,,
gro,Hop20Rep2-0,20,2,0,EVALUATE,5,2048,4.407878,,,,,,,,,,,,,,,,,,,,,,
gro,Hop20Rep2-0,20,2,0,TDG,5,,0.575351,58898,,,,,,,,,,,,,,,,,,,,,
gro,Hop20Rep2-0,20,2,0,IMPACT,5,,0.182075,58898,,,,,,,,,,,,,,,,,,,,,
gro,Hop20Rep2-0,20,2,0,CANDIDATE,5,,,,259,0.130940,,,,,,,,,,,,,,,,,,,
gro,Hop20Rep2-0,20,2,0,SELECT,5,,,,259,,120,0.362107,0.004712,0.147169,0.144725,0.566276,,,,,,,,,,,,,
gro,Hop20Rep2-0,20,2,0,BATCH,5,,,,,,120,,,,,,31,0.140920,,,,,,,,,,,
gro,Hop20Rep2-0,20,2,0,REROUTE,5,,,,,,,,,,,,,,120,0.083029,0.026921,0.163531,,,,,,,
gro,Hop20Rep2-0,20,2,0,ITERATION,5,,6.200103,,,,120,,,,,,,,,,,,,,,,,,
gro,Hop20Rep2-0,20,2,0,EVALUATE,6,2048,4.044320,,,,,,,,,,,,,,,,,,,,,,
gro,Hop20Rep2-0,20,2,0,TDG,6,,0.536017,60295,,,,,,,,,,,,,,,,,,,,,
gro,Hop20Rep2-0,20,2,0,IMPACT,6,,0.188661,60295,,,,,,,,,,,,,,,,,,,,,
gro,Hop20Rep2-0,20,2,0,CANDIDATE,6,,,,399,0.124862,,,,,,,,,,,,,,,,,,,
gro,Hop20Rep2-0,20,2,0,SELECT,6,,,,399,,185,0.370796,0.007954,0.245830,0.241860,0.677733,,,,,,,,,,,,,
gro,Hop20Rep2-0,20,2,0,BATCH,6,,,,,,185,,,,,,45,0.379576,,,,,,,,,,,
gro,Hop20Rep2-0,20,2,0,REROUTE,6,,,,,,,,,,,,,,185,0.127161,0.055245,0.235349,,,,,,,
gro,Hop20Rep2-0,20,2,0,ITERATION,6,,6.221135,,,,185,,,,,,,,,,,,,,,,,,
gro,Hop20Rep2-0,20,2,0,EVALUATE,7,2048,3.652843,,,,,,,,,,,,,,,,,,,,,,
gro,Hop20Rep2-0,20,2,0,TDG,7,,0.493797,63722,,,,,,,,,,,,,,,,,,,,,
gro,Hop20Rep2-0,20,2,0,IMPACT,7,,0.197597,63722,,,,,,,,,,,,,,,,,,,,,
gro,Hop20Rep2-0,20,2,0,CANDIDATE,7,,,,447,0.129316,,,,,,,,,,,,,,,,,,,
gro,Hop20Rep2-0,20,2,0,SELECT,7,,,,447,,190,0.401436,0.005940,0.188562,0.184960,0.653714,,,,,,,,,,,,,
gro,Hop20Rep2-0,20,2,0,BATCH,7,,,,,,190,,,,,,38,0.124791,,,,,,,,,,,
gro,Hop20Rep2-0,20,2,0,REROUTE,7,,,,,,,,,,,,,,190,0.127160,0.085907,0.269377,,,,,,,
gro,Hop20Rep2-0,20,2,0,ITERATION,7,,5.557447,,,,190,,,,,,,,,,,,,,,,,,
gro,Hop20Rep2-0,20,2,0,EVALUATE,8,2048,3.378279,,,,,,,,,,,,,,,,,,,,,,
gro,Hop20Rep2-0,20,2,0,TDG,8,,0.469214,67364,,,,,,,,,,,,,,,,,,,,,
gro,Hop20Rep2-0,20,2,0,IMPACT,8,,0.206576,67364,,,,,,,,,,,,,,,,,,,,,
gro,Hop20Rep2-0,20,2,0,CANDIDATE,8,,,,634,0.128521,,,,,,,,,,,,,,,,,,,
gro,Hop20Rep2-0,20,2,0,SELECT,8,,,,634,,284,0.409263,0.011363,0.329695,0.323694,0.811828,,,,,,,,,,,,,
gro,Hop20Rep2-0,20,2,0,BATCH,8,,,,,,284,,,,,,43,0.550423,,,,,,,,,,,
gro,Hop20Rep2-0,20,2,0,REROUTE,8,,,,,,,,,,,,,,284,0.186889,0.135680,0.384000,,,,,,,
gro,Hop20Rep2-0,20,2,0,ITERATION,8,,5.967941,,,,284,,,,,,,,,,,,,,,,,,
gro,Hop20Rep2-0,20,2,0,EVALUATE,9,2048,2.949228,,,,,,,,,,,,,,,,,,,,,,
gro,Hop20Rep2-0,20,2,0,TDG,9,,0.440804,71388,,,,,,,,,,,,,,,,,,,,,
gro,Hop20Rep2-0,20,2,0,IMPACT,9,,0.220250,71388,,,,,,,,,,,,,,,,,,,,,
gro,Hop20Rep2-0,20,2,0,CANDIDATE,9,,,,549,0.135705,,,,,,,,,,,,,,,,,,,
gro,Hop20Rep2-0,20,2,0,SELECT,9,,,,549,,250,0.430647,0.007484,0.219218,0.214970,0.720571,,,,,,,,,,,,,
gro,Hop20Rep2-0,20,2,0,BATCH,9,,,,,,250,,,,,,34,0.243510,,,,,,,,,,,
gro,Hop20Rep2-0,20,2,0,REROUTE,9,,,,,,,,,,,,,,250,0.140024,0.099447,0.302250,,,,,,,
gro,Hop20Rep2-0,20,2,0,ITERATION,9,,5.054820,,,,250,,,,,,,,,,,,,,,,,,
gro,Hop20Rep2-0,20,2,0,EVALUATE,-1,2048,2.707499,,,,,,,,,,,,,,,,,,,,,,
gro,Hop20Rep2-0,20,2,0,RUN,-1,2048,73.857835,,,,,,,,,,,,,,,,,,,,,,
baseline,Hop20Rep2-0,20,2,0,BASELINE_INITIAL,,,,,,,,,,,,,,,,,,,0.274407,,,,,,
baseline,Hop20Rep2-0,20,2,0,BASELINE,0,,,,,,614,,,,,,,,,,,,,614,142045298,6.296516,0.131945,6.428982,
baseline,Hop20Rep2-0,20,2,0,BASELINE,1,,,,,,614,,,,,,,,,,,,,614,133894494,5.340443,0.141727,5.482698,
baseline,Hop20Rep2-0,20,2,0,BASELINE,2,,,,,,614,,,,,,,,,,,,,614,129074355,4.458453,0.139760,4.598747,
baseline,Hop20Rep2-0,20,2,0,BASELINE,3,,,,,,614,,,,,,,,,,,,,614,126466932,4.068505,0.146426,4.215468,
baseline,Hop20Rep2-0,20,2,0,BASELINE,4,,,,,,614,,,,,,,,,,,,,614,126553387,3.571444,0.172569,3.744537,
baseline,Hop20Rep2-0,20,2,0,BASELINE,5,,,,,,614,,,,,,,,,,,,,614,127252324,3.604160,0.144599,3.749287,
baseline,Hop20Rep2-0,20,2,0,BASELINE,6,,,,,,614,,,,,,,,,,,,,614,123960356,3.624990,0.145648,3.771172,
baseline,Hop20Rep2-0,20,2,0,BASELINE,7,,,,,,614,,,,,,,,,,,,,614,122498453,3.289910,0.156411,3.446862,
baseline,Hop20Rep2-0,20,2,0,BASELINE,8,,,,,,614,,,,,,,,,,,,,614,123249508,3.312392,0.141587,3.454471,
baseline,Hop20Rep2-0,20,2,0,BASELINE,9,,,,,,614,,,,,,,,,,,,,614,120669642,3.523575,0.181451,3.705566,
baseline,Hop20Rep2-0,20,2,0,BASELINE_FINAL,,,,,,,,,,,,,,,,,,,,,118869579,3.510318,,,46.386072
gro,Hop20Rep4-0,20,4,0,INITIAL_ROUTES,-1,4096,0.633784,,,,,,,,,,,,,,,,,,,,,,
gro,Hop20Rep4-0,20,4,0,EVALUATE,0,4096,13.164203,,,,,,,,,,,,,,,,,,,,,,
gro,Hop20Rep4-0,20,4,0,TDG,0,,1.912243,43437,,,,,,,,,,,,,,,,,,,,,
gro,Hop20Rep4-0,20,4,0,IMPACT,0,,0.159660,43437,,,,,,,,,,,,,,,,,,,,,
gro,Hop20Rep4-0,20,4,0,CANDIDATE,0,,,,754,0.185657,,,,,,,,,,,,,,,,,,,
gro,Hop20Rep4-0,20,4,0,SELECT,0,,,,754,,236,0.320025,0.034089,0.628150,0.617459,1.027235,,,,,,,,,,,,,
gro,Hop20Rep4-0,20,4,0,BATCH,0,,,,,,236,,,,,,120,1.038269,,,,,,,,,,,
gro,Hop20Rep4-0,20,4,0,REROUTE,0,,,,,,,,,,,,,,236,0.239619,0.004553,0.287480,,,,,,,
gro,Hop20Rep4-0,20,4,0,ITERATION,0,,17.806718,,,,236,,,,,,,,,,,,,,,,,,
gro,Hop20Rep4-0,20,4,0,EVALUATE,1,4096,13.887972,,,,,,,,,,,,,,,,,,,,,,
gro,Hop20Rep4-0,20,4,0,TDG,1,,1.673651,49843,,,,,,,,,,,,,,,,,,,,,
gro,Hop20Rep4-0,20,4,0,IMPACT,1,,0.195195,49843,,,,,,,,,,,,,,,,,,,,,
gro,Hop20Rep4-0,20,4,0,CANDIDATE,1,,,,640,0.181735,,,,,,,,,,,,,,,,,,,
gro,Hop20Rep4-0,20,4,0,SELECT,1,,,,640,,224,0.624115,0.044287,0.682124,0.671408,1.406373,,,,,,,,,,,,,
gro,Hop20Rep4-0,20,4,0,BATCH,1,,,,,,224,,,,,,82,1.073274,,,,,,,,,,,
gro,Hop20Rep4-0,20,4,0,REROUTE,1,,,,,,,,,,,,,,224,0.178608,0.021081,0.249254,,,,,,,
gro,Hop20Rep4-0,20,4,0,ITERATION,1,,18.708246,,,,224,,,,,,,,,,,,,,,,,,
gro,Hop20Rep4-0,20,4,0,EVALUATE,2,4096,13.112844,,,,,,,,,,,,,,,,,,,,,,
gro,Hop20Rep4-0,20,4,0,TDG,2,,1.635641,60761,,,,,,,,,,,,,,,,,,,,,
gro,Hop20Rep4-0,20,4,0,IMPACT,2,,0.289092,60761,,,,,,,,,,,,,,,,,,,,,
gro,Hop20Rep4-0,20,4,0,CANDIDATE,2,,,,673,0.410156,,,,,,,,,,,,,,,,,,,
gro,Hop20Rep4-0,20,4,0,SELECT,2,,,,673,,233,0.685244,0.043650,0.823816,0.810342,1.654327,,,,,,,,,,,,,
gro,Hop20Rep4-0,20,4,0,BATCH,2,,,,,,233,,,,,,97,2.368668,,,,,,,,,,,
gro,Hop20Rep4-0,20,4,0,REROUTE,2,,,,,,,,,,,,,,233,0.232483,0.044477,0.332799,,,,,,,
gro,Hop20Rep4-0,20,4,0,ITERATION,2,,19.844851,,,,233,,,,,,,,,,,,,,,,,,
gro,Hop20Rep4-0,20,4,0,EVALUATE,3,4096,12.191354,,,,,,,,,,,,,,,,,,,,,,
gro,Hop20Rep4-0,20,4,0,TDG,3,,1.497591,70984,,,,,,,,,,,,,,,,,,,,,
gro,Hop20Rep4-0,20,4,0,IMPACT,3,,0.237316,70984,,,,,,,,,,,,,,,,,,,,,
gro,Hop20Rep4-0,20,4,0,CANDIDATE,3,,,,527,0.208228,,,,,,,,,,,,,,,,,,,
gro,Hop20Rep4-0,20,4,0,SELECT,3,,,,527,,262,0.477080,0.016689,0.557433,0.548974,1.115492,,,,,,,,,,,,,
gro,Hop20Rep4-0,20,4,0,BATCH,3,,,,,,262,,,,,,85,0.646582,,,,,,,,,,,
gro,Hop20Rep4-0,20,4,0,REROUTE,3,,,,,,,,,,,,,,262,0.300958,0.054175,0.421804,,,,,,,
gro,Hop20Rep4-0,20,4,0,ITERATION,3,,16.364819,,,,262,,,,,,,,,,,,,,,,,,
gro,Hop20Rep4-0,20,4,0,EVALUATE,4,4096,11.861693,,,,,,,,,,,,,,,,,,,,,,
gro,Hop20Rep4-0,20,4,0,TDG,4,,1.427396,85774,,,,,,,,,,,,,,,,,,,,,
gro,Hop20Rep4-0,20,4,0,IMPACT,4,,0.285909,85774,,,,,,,,,,,,,,,,,,,,,
gro,Hop20Rep4-0,20,4,0,CANDIDATE,4,,,,604,0.226098,,,,,,,,,,,,,,,,,,,
gro,Hop20Rep4-0,20,4,0,SELECT,4,,,,604,,295,0.549593,0.020179,0.639307,0.630025,1.286915,,,,,,,,,,,,,
gro,Hop20Rep4-0,20,4,0,BATCH,4,,,,,,295,,,,,,64,1.352934,,,,,,,,,,,
gro,Hop20Rep4-0,20,4,0,REROUTE,4,,,,,,,,,,,,,,295,0.199991,0.118834,0.397081,,,,,,,
gro,Hop20Rep4-0,20,4,0,ITERATION,4,,16.891052,,,,295,,,,,,,,,,,,,,,,,,
gro,Hop20Rep4-0,20,4,0,EVALUATE,5,4096,11.322402,,,,,,,,,,,,,,,,,,,,,,
gro,Hop20Rep4-0,20,4,0,TDG,5,,1.435362,98119,,,,,,,,,,,,,,,,,,,,,
gro,Hop20Rep4-0,20,4,0,IMPACT,5,,0.323826,98119,,,,,,,,,,,,,,,,,,,,,
gro,Hop20Rep4-0,20,4,0,CANDIDATE,5,,,,721,0.247199,,,,,,,,,,,,,,,,,,,
gro,Hop20Rep4-0,20,4,0,SELECT,5,,,,721,,349,0.642014,0.019616,0.596291,0.584064,1.349404,,,,,,,,,,,,,
gro,Hop20Rep4-0,20,4,0,BATCH,5,,,,,,349,,,,,,132,1.521790,,,,,,,,,,,
gro,Hop20Rep4-0,20,4,0,REROUTE,5,,,,,,,,,,,,,,349,0.577290,0.177460,0.846111,,,,,,,
gro,Hop20Rep4-0,20,4,0,ITERATION,5,,17.104903,,,,349,,,,,,,,,,,,,,,,,,
gro,Hop20Rep4-0,20,4,0,EVALUATE,6,4096,11.314590,,,,,,,,,,,,,,,,,,,,,,
gro,Hop20Rep4-0,20,4,0,TDG,6,,1.431065,119305,,,,,,,,,,,,,,,,,,,,,
gro,Hop20Rep4-0,20,4,0,IMPACT,6,,0.394687,119305,,,,,,,,,,,,,,,,,,,,,
gro,Hop20Rep4-0,20,4,0,CANDIDATE,6,,,,736,0.283348,,,,,,,,,,,,,,,,,,,
gro,Hop20Rep4-0,20,4,0,SELECT,6,,,,736,,146,1.963105,0.066327,0.395102,0.389464,2.534134,,,,,,,,,,,,,
gro,Hop20Rep4-0,20,4,0,BATCH,6,,,,,,146,,,,,,99,2.086614,,,,,,,,,,,
gro,Hop20Rep4-0,20,4,0,REROUTE,6,,,,,,,,,,,,,,146,0.263560,0.036516,0.403646,,,,,,,
gro,Hop20Rep4-0,20,4,0,ITERATION,6,,18.517692,,,,146,,,,,,,,,,,,,,,,,,
gro,Hop20Rep4-0,20,4,0,EVALUATE,7,4096,10.809585,,,,,,,,,,,,,,,,,,,,,,
gro,Hop20Rep4-0,20,4,0,TDG,7,,1.569935,128104,,,,,,,,,,,,,,,,,,,,,
gro,Hop20Rep4-0,20,4,0,IMPACT,7,,0.432727,128104,,,,,,,,,,,,,,,,,,,,,
gro,Hop20Rep4-0,20,4,0,CANDIDATE,7,,,,608,0.311273,,,,,,,,,,,,,,,,,,,
gro,Hop20Rep4-0,20,4,0,SELECT,7,,,,608,,288,0.855636,0.014592,0.460747,0.452242,1.447198,,,,,,,,,,,,,
gro,Hop20Rep4-0,20,4,0,BATCH,7,,,,,,288,,,,,,62,0.900480,,,,,,,,,,,
gro,Hop20Rep4-0,20,4,0,REROUTE,7,,,,,,,,,,,,,,288,0.226154,0.124987,0.466907,,,,,,,
gro,Hop20Rep4-0,20,4,0,ITERATION,7,,16.012345,,,,288,,,,,,,,,,,,,,,,,,
gro,Hop20Rep4-0,20,4,0,EVALUATE,8,4096,10.497409,,,,,,,,,,,,,,,,,,,,,,
gro,Hop20Rep4-0,20,4,0,TDG,8,,1.409795,136499,,,,,,,,,,,,,,,,,,,,,
gro,Hop20Rep4-0,20,4,0,IMPACT,8,,0.459197,136499,,,,,,,,,,,,,,,,,,,,,
gro,Hop20Rep4-0,20,4,0,CANDIDATE,8,,,,715,0.343940,,,,,,,,,,,,,,,,,,,
gro,Hop20Rep4-0,20,4,0,SELECT,8,,,,715,,200,0.903721,0.021725,0.479751,0.471764,1.525269,,,,,,,,,,,,,
gro,Hop20Rep4-0,20,4,0,BATCH,8,,,,,,200,,,,,,59,0.978699,,,,,,,,,,,
gro,Hop20Rep4-0,20,4,0,REROUTE,8,,,,,,,,,,,,,,200,0.276738,0.120198,0.517666,,,,,,,
gro,Hop20Rep4-0,20,4,0,ITERATION,8,,15.810641,,,,200,,,,,,,,,,,,,,,,,,
gro,Hop20Rep4-0,20,4,0,EVALUATE,9,4096,10.133979,,,,,,,,,,,,,,,,,,,,,,
gro,Hop20Rep4-0,20,4,0,TDG,9,,1.394837,147243,,,,,,,,,,,,,,,,,,,,,
gro,Hop20Rep4-0,20,4,0,IMPACT,9,,0.514815,147243,,,,,,,,,,,,,,,,,,,,,
gro,Hop20Rep4-0,20,4,0,CANDIDATE,9,,,,796,0.331662,,,,,,,,,,,,,,,,,,,
gro,Hop20Rep4-0,20,4,0,SELECT,9,,,,796,,364,0.969600,0.018283,0.530960,0.520625,1.649289,,,,,,,,,,,,,
gro,Hop20Rep4-0,20,4,0,BATCH,9,,,,,,364,,,,,,88,1.271737,,,,,,,,,,,
gro,Hop20Rep4-0,20,4,0,REROUTE,9,,,,,,,,,,,,,,364,0.364072,0.224374,0.723656,,,,,,,
gro,Hop20Rep4-0,20,4,0,ITERATION,9,,16.103249,,,,364,,,,,,,,,,,,,,,,,,
gro,Hop20Rep4-0,20,4,0,EVALUATE,-1,4096,9.738920,,,,,,,,,,,,,,,,,,,,,,
gro,Hop20Rep4-0,20,4,0,RUN,-1,4096,183.908046,,,,,,,,,,,,,,,,,,,,,,
baseline,Hop20Rep4-0,20,4,0,BASELINE_INITIAL,,,,,,,,,,,,,,,,,,,0.547631,,,,,,
baseline,Hop20Rep4-0,20,4,0,BASELINE,0,,,,,,1228,,,,,,,,,,,,,1228,302905825,12.996124,0.313995,13.311144,
baseline,Hop20Rep4-0,20,4,0,BASELINE,1,,,,,,1228,,,,,,,,,,,,,1228,307730928,12.064085,0.345854,12.410999,
baseline,Hop20Rep4-0,20,4,0,BASELINE,2,,,,,,1228,,,,,,,,,,,,,1228,316759523,12.184428,0.343916,12.529349,
baseline,Hop20Rep4-0,20,4,0,BASELINE,3,,,,,,1228,,,,,,,,,,,,,1228,310218756,11.367506,0.302410,11.670859,
baseline,Hop20Rep4-0,20,4,0,BASELINE,4,,,,,,1228,,,,,,,,,,,,,1228,307722938,10.882846,0.316621,11.200409,
baseline,Hop20Rep4-0,20,4,0,BASELINE,5,,,,,,1228,,,,,,,,,,,,,1228,297685165,10.069723,0.308577,10.379467,
baseline,Hop20Rep4-0,20,4,0,BASELINE,6,,,,,,1228,,,,,,,,,,,,,1228,308435078,10.109651,0.294871,10.406061,
baseline,Hop20Rep4-0,20,4,0,BASELINE,7,,,,,,1228,,,,,,,,,,,,,1228,301288308,9.652080,0.313527,9.966686,
baseline,Hop20Rep4-0,20,4,0,BASELINE,8,,,,,,1228,,,,,,,,,,,,,1228,304573679,9.967792,0.297316,10.266132,
baseline,Hop20Rep4-0,20,4,0,BASELINE,9,,,,,,1228,,,,,,,,,,,,,1228,307040969,10.151991,0.300516,10.453454,
baseline,Hop20Rep4-0,20,4,0,BASELINE_FINAL,,,,,,,,,,,,,,,,,,,,,296583819,10.055125,,,123.204250
gro,Hop40Rep1-0,40,1,0,INITIAL_ROUTES,-1,1024,0.203932,,,,,,,,,,,,,,,,,,,,,,
gro,Hop40Rep1-0,40,1,0,EVALUATE,0,1024,1.129801,,,,,,,,,,,,,,,,,,,,,,
gro,Hop40Rep1-0,40,1,0,TDG,0,,0.219563,40064,,,,,,,,,,,,,,,,,,,,,
gro,Hop40Rep1-0,40,1,0,IMPACT,0,,0.131243,40064,,,,,,,,,,,,,,,,,,,,,
gro,Hop40Rep1-0,40,1,0,CANDIDATE,0,,,,244,0.077780,,,,,,,,,,,,,,,,,,,
gro,Hop40Rep1-0,40,1,0,SELECT,0,,,,244,,114,0.257035,0.002785,0.075088,0.073629,0.372780,,,,,,,,,,,,,
gro,Hop40Rep1-0,40,1,0,BATCH,0,,,,,,114,,,,,,15,0.064931,,,,,,,,,,,
gro,Hop40Rep1-0,40,1,0,REROUTE,0,,,,,,,,,,,,,,114,0.062414,0.000248,0.100158,,,,,,,
gro,Hop40Rep1-0,40,1,0,ITERATION,0,,2.119219,,,,114,,,,,,,,,,,,,,,,,,
gro,Hop40Rep1-0,40,1,0,EVALUATE,1,1024,1.135819,,,,,,,,,,,,,,,,,,,,,,
gro,Hop40Rep1-0,40,1,0,TDG,1,,0.202682,40543,,,,,,,,,,,,,,,,,,,,,
gro,Hop40Rep1-0,40,1,0,IMPACT,1,,0.128431,40543,,,,,,,,,,,,,,,,,,,,,
gro,Hop40Rep1-0,40,1,0,CANDIDATE,1,,,,196,0.076838,,,,,,,,,,,,,,,,,,,
gro,Hop40Rep1-0,40,1,0,SELECT,1,,,,196,,92,0.254512,0.001977,0.054747,0.053630,0.349019,,,,,,,,,,,,,
gro,Hop40Rep1-0,40,1,0,BATCH,1,,,,,,92,,,,,,16,0.051046,,,,,,,,,,,
gro,Hop40Rep1-0,40,1,0,REROUTE,1,,,,,,,,,,,,,,92,0.057202,0.000744,0.095557,,,,,,,
gro,Hop40Rep1-0,40,1,0,ITERATION,1,,2.062770,,,,92,,,,,,,,,,,,,,,,,,
gro,Hop40Rep1-0,40,1,0,EVALUATE,2,1024,1.012990,,,,,,,,,,,,,,,,,,,,,,
gro,Hop40Rep1-0,40,1,0,TDG,2,,0.188975,41016,,,,,,,,,,,,,,,,,,,,,
gro,Hop40Rep1-0,40,1,0,IMPACT,2,,0.134058,41016,,,,,,,,,,,,,,,,,,,,,
gro,Hop40Rep1-0,40,1,0,CANDIDATE,2,,,,284,0.080380,,,,,,,,,,,,,,,,,,,
gro,Hop40Rep1-0,40,1,0,SELECT,2,,,,284,,131,0.287640,0.002835,0.076795,0.075060,0.406494,,,,,,,,,,,,,
gro,Hop40Rep1-0,40,1,0,BATCH,2,,,,,,131,,,,,,19,0.117306,,,,,,,,,,,
gro,Hop40Rep1-0,40,1,0,REROUTE,2,,,,,,,,,,,,,,131,0.093428,0.000915,0.132781,,,,,,,
gro,Hop40Rep1-0,40,1,0,ITERATION,2,,2.097976,,,,131,,,,,,,,,,,,,,,,,,
gro,Hop40Rep1-0,40,1,0,EVALUATE,3,1024,0.856574,,,,,,,,,,,,,,,,,,,,,,
gro,Hop40Rep1-0,40,1,0,TDG,3,,0.174043,41815,,,,,,,,,,,,,,,,,,,,,
gro,Hop40Rep1-0,40,1,0,IMPACT,3,,0.127159,41815,,,,,,,,,,,,,,,,,,,,,
gro,Hop40Rep1-0,40,1,0,CANDIDATE,3,,,,430,0.074523,,,,,,,,,,,,,,,,,,,
gro,Hop40Rep1-0,40,1,0,SELECT,3,,,,430,,194,0.250021,0.003614,0.086256,0.084356,0.378625,,,,,,,,,,,,,
gro,Hop40Rep1-0,40,1,0,BATCH,3,,,,,,194,,,,,,20,0.087800,,,,,,,,,,,
gro,Hop40Rep1-0,40,1,0,REROUTE,3,,,,,,,,,,,,,,194,0.117214,0.002105,0.157428,,,,,,,
gro,Hop40Rep1-0,40,1,0,ITERATION,3,,1.880609,,,,194,,,,,,,,,,,,,,,,,,
gro,Hop40Rep1-0,40,1,0,EVALUATE,4,1024,0.732105,,,,,,,,,,,,,,,,,,,,,,
gro,Hop40Rep1-0,40,1,0,TDG,4,,0.162189,43155,,,,,,,,,,,,,,,,,,,,,
gro,Hop40Rep1-0,40,1,0,IMPACT,4,,0.128883,43155,,,,,,,,,,,,,,,,,,,,,
gro,Hop40Rep1-0,40,1,0,CANDIDATE,4,,,,532,0.074901,,,,,,,,,,,,,,,,,,,
gro,Hop40Rep1-0,40,1,0,SELECT,4,,,,532,,230,0.252973,0.003741,0.086870,0.084685,0.384307,,,,,,,,,,,,,
gro,Hop40Rep1-0,40,1,0,BATCH,4,,,,,,230,,,,,,19,0.092459,,,,,,,,,,,
gro,Hop40Rep1-0,40,1,0,REROUTE,4,,,,,,,,,,,,,,230,0.154742,0.005458,0.200058,,,,,,,
gro,Hop40Rep1-0,40,1,0,ITERATION,4,,1.799981,,,,230,,,,,,,,,,,,,,,,,,
gro,Hop40Rep1-0,40,1,0,EVALUATE,5,1024,0.779665,,,,,,,,,,,,,,,,,,,,,,
gro,Hop40Rep1-0,40,1,0,TDG,5,,0.158775,44123,,,,,,,,,,,,,,,,,,,,,
gro,Hop40Rep1-0,40,1,0,IMPACT,5,,0.130118,44123,,,,,,,,,,,,,,,,,,,,,
gro,Hop40Rep1-0,40,1,0,CANDIDATE,5,,,,393,0.076269,,,,,,,,,,,,,,,,,,,
gro,Hop40Rep1-0,40,1,0,SELECT,5,,,,393,,182,0.256112,0.002262,0.055706,0.054380,0.355857,,,,,,,,,,,,,
gro,Hop40Rep1-0,40,1,0,BATCH,5,,,,,,182,,,,,,17,0.040719,,,,,,,,,,,
gro,Hop40Rep1-0,40,1,0,REROUTE,5,,,,,,,,,,,,,,182,0.119053,0.004510,0.164189,,,,,,,
gro,Hop40Rep1-0,40,1,0,ITERATION,5,,1.731555,,,,182,,,,,,,,,,,,,,,,,,
gro,Hop40Rep1-0,40,1,0,EVALUATE,6,1024,0.568195,,,,,,,,,,,,,,,,,,,,,,
gro,Hop40Rep1-0,40,1,0,TDG,6,,0.155449,45072,,,,,,,,,,,,,,,,,,,,,
gro,Hop40Rep1-0,40,1,0,IMPACT,6,,0.131302,45072,,,,,,,,,,,,,,,,,,,,,
gro,Hop40Rep1-0,40,1,0,CANDIDATE,6,,,,286,0.078346,,,,,,,,,,,,,,,,,,,
gro,Hop40Rep1-0,40,1,0,SELECT,6,,,,286,,130,0.261221,0.001325,0.030784,0.029879,0.335508,,,,,,,,,,,,,
gro,Hop40Rep1-0,40,1,0,BATCH,6,,,,,,130,,,,,,11,0.018826,,,,,,,,,,,
gro,Hop40Rep1-0,40,1,0,REROUTE,6,,,,,,,,,,,,,,130,0.089556,0.005471,0.136804,,,,,,,
gro,Hop40Rep1-0,40,1,0,ITERATION,6,,1.451349,,,,130,,,,,,,,,,,,,,,,,,
gro,Hop40Rep1-0,40,1,0,EVALUATE,7,1024,0.533361,,,,,,,,,,,,,,,,,,,,,,
gro,Hop40Rep1-0,40,1,0,TDG,7,,0.152278,45468,,,,,,,,,,,,,,,,,,,,,
gro,Hop40Rep1-0,40,1,0,IMPACT,7,,0.131114,45468,,,,,,,,,,,,,,,,,,,,,
gro,Hop40Rep1-0,40,1,0,CANDIDATE,7,,,,338,0.082615,,,,,,,,,,,,,,,,,,,
gro,Hop40Rep1-0,40,1,0,SELECT,7,,,,338,,149,0.266573,0.001380,0.030865,0.029847,0.341691,,,,,,,,,,,,,
gro,Hop40Rep1-0,40,1,0,BATCH,7,,,,,,149,,,,,,9,0.018044,,,,,,,,,,,
gro,Hop40Rep1-0,40,1,0,REROUTE,7,,,,,,,,,,,,,,149,0.133970,0.005914,0.182437,,,,,,,
gro,Hop40Rep1-0,40,1,0,ITERATION,7,,1.470291,,,,149,,,,,,,,,,,,,,,,,,
gro,Hop40Rep1-0,40,1,0,EVALUATE,8,1024,0.500973,,,,,,,,,,,,,,,,,,,,,,
gro,Hop40Rep1-0,40,1,0,TDG,8,,0.149312,45771,,,,,,,,,,,,,,,,,,,,,
gro,Hop40Rep1-0,40,1,0,IMPACT,8,,0.132342,45771,,,,,,,,,,,,,,,,,,,,,
gro,Hop40Rep1-0,40,1,0,CANDIDATE,8,,,,364,0.078548,,,,,,,,,,,,,,,,,,,
gro,Hop40Rep1-0,40,1,0,SELECT,8,,,,364,,152,0.258474,0.001432,0.028520,0.027657,0.330601,,,,,,,,,,,,,
gro,Hop40Rep1-0,40,1,0,BATCH,8,,,,,,152,,,,,,8,0.016202,,,,,,,,,,,
gro,Hop40Rep1-0,40,1,0,REROUTE,8,,,,,,,,,,,,,,152,0.114382,0.005842,0.161972,,,,,,,
gro,Hop40Rep1-0,40,1,0,ITERATION,8,,1.397028,,,,152,,,,,,,,,,,,,,,,,,
gro,Hop40Rep1-0,40,1,0,EVALUATE,9,1024,0.480362,,,,,,,,,,,,,,,,,,,,,,
gro,Hop40Rep1-0,40,1,0,TDG,9,,0.148180,46412,,,,,,,,,,,,,,,,,,,,,
gro,Hop40Rep1-0,40,1,0,IMPACT,9,,0.129336,46412,,,,,,,,,,,,,,,,,,,,,
gro,Hop40Rep1-0,40,1,0,CANDIDATE,9,,,,356,0.076250,,,,,,,,,,,,,,,,,,,
gro,Hop40Rep1-0,40,1,0,SELECT,9,,,,356,,152,0.261997,0.001299,0.027686,0.026916,0.335387,,,,,,,,,,,,,
gro,Hop40Rep1-0,40,1,0,BATCH,9,,,,,,152,,,,,,9,0.016265,,,,,,,,,,,
gro,Hop40Rep1-0,40,1,0,REROUTE,9,,,,,,,,,,,,,,152,0.121306,0.006914,0.171647,,,,,,,
gro,Hop40Rep1-0,40,1,0,ITERATION,9,,1.388732,,,,152,,,,,,,,,,,,,,,,,,
gro,Hop40Rep1-0,40,1,0,EVALUATE,-1,1024,0.452722,,,,,,,,,,,,,,,,,,,,,,
gro,Hop40Rep1-0,40,1,0,RUN,-1,1024,18.213722,,,,,,,,,,,,,,,,,,,,,,
baseline,Hop40Rep1-0,40,1,0,BASELINE_INITIAL,,,,,,,,,,,,,,,,,,,0.202337,,,,,,
baseline,Hop40Rep1-0,40,1,0,BASELINE,0,,,,,,307,,,,,,,,,,,,,307,62292886,1.117182,0.100943,1.218358,
baseline,Hop40Rep1-0,40,1,0,BASELINE,1,,,,,,307,,,,,,,,,,,,,307,52270231,1.014831,0.102555,1.117613,
baseline,Hop40Rep1-0,40,1,0,BASELINE,2,,,,,,307,,,,,,,,,,,,,307,47939423,0.938750,0.105746,1.044726,
baseline,Hop40Rep1-0,40,1,0,BASELINE,3,,,,,,307,,,,,,,,,,,,,307,46606644,0.783622,0.117499,0.901347,
baseline,Hop40Rep1-0,40,1,0,BASELINE,4,,,,,,307,,,,,,,,,,,,,307,46264926,0.807053,0.110304,0.917605,
baseline,Hop40Rep1-0,40,1,0,BASELINE,5,,,,,,307,,,,,,,,,,,,,307,45757325,0.809183,0.116575,0.925977,
baseline,Hop40Rep1-0,40,1,0,BASELINE,6,,,,,,307,,,,,,,,,,,,,307,44940573,0.776815,0.113827,0.890868,
baseline,Hop40Rep1-0,40,1,0,BASELINE,7,,,,,,307,,,,,,,,,,,,,307,42746164,0.736393,0.114025,0.850662,
baseline,Hop40Rep1-0,40,1,0,BASELINE,8,,,,,,307,,,,,,,,,,,,,307,42462109,0.694293,0.106470,0.800990,
baseline,Hop40Rep1-0,40,1,0,BASELINE,9,,,,,,307,,,,,,,,,,,,,307,43442444,0.698007,0.105535,0.803774,
baseline,Hop40Rep1-0,40,1,0,BASELINE_FINAL,,,,,,,,,,,,,,,,,,,,,44139072,0.721249,,,10.397691
gro,Hop40Rep2-0,40,2,0,INITIAL_ROUTES,-1,2048,0.405412,,,,,,,,,,,,,,,,,,,,,,
gro,Hop40Rep2-0,40,2,0,EVALUATE,0,2048,4.528945,,,,,,,,,,,,,,,,,,,,,,
gro,Hop40Rep2-0,40,2,0,TDG,0,,0.676378,74867,,,,,,,,,,,,,,,,,,,,,
gro,Hop40Rep2-0,40,2,0,IMPACT,0,,0.251251,74867,,,,,,,,,,,,,,,,,,,,,
gro,Hop40Rep2-0,40,2,0,CANDIDATE,0,,,,366,0.167604,,,,,,,,,,,,,,,,,,,
gro,Hop40Rep2-0,40,2,0,SELECT,0,,,,366,,174,0.489532,0.006911,0.208543,0.204929,0.772233,,,,,,,,,,,,,
gro,Hop40Rep2-0,40,2,0,BATCH,0,,,,,,174,,,,,,36,0.220996,,,,,,,,,,,
gro,Hop40Rep2-0,40,2,0,REROUTE,0,,,,,,,,,,,,,,174,0.106853,0.000414,0.173625,,,,,,,
gro,Hop40Rep2-0,40,2,0,ITERATION,0,,6.833959,,,,174,,,,,,,,,,,,,,,,,,
gro,Hop40Rep2-0,40,2,0,EVALUATE,1,2048,4.241935,,,,,,,,,,,,,,,,,,,,,,
gro,Hop40Rep2-0,40,2,0,TDG,1,,0.590889,77013,,,,,,,,,,,,,,,,,,,,,
gro,Hop40Rep2-0,40,2,0,IMPACT,1,,0.252824,77013,,,,,,,,,,,,,,,,,,,,,
gro,Hop40Rep2-0,40,2,0,CANDIDATE,1,,,,321,0.182573,,,,,,,,,,,,,,,,,,,
gro,Hop40Rep2-0,40,2,0,SELECT,1,,,,321,,29,0.546089,0.006202,0.065198,0.064079,0.720722,,,,,,,,,,,,,
gro,Hop40Rep2-0,40,2,0,BATCH,1,,,,,,29,,,,,,17,0.065627,,,,,,,,,,,
gro,Hop40Rep2-0,40,2,0,REROUTE,1,,,,,,,,,,,,,,29,0.053444,0.000093,0.120616,,,,,,,
gro,Hop40Rep2-0,40,2,0,ITERATION,1,,6.218657,,,,29,,,,,,,,,,,,,,,,,,
gro,Hop40Rep2-0,40,2,0,EVALUATE,2,2048,4.136287,,,,,,,,,,,,,,,,,,,,,,
gro,Hop40Rep2-0,40,2,0,TDG,2,,0.584740,78369,,,,,,,,,,,,,,,,,,,,,
gro,Hop40Rep2-0,40,2,0,IMPACT,2,,0.252308,78369,,,,,,,,,,,,,,,,,,,,,
gro,Hop40Rep2-0,40,2,0,CANDIDATE,2,,,,321,0.163543,,,,,,,,,,,,,,,,,,,
gro,Hop40Rep2-0,40,2,0,SELECT,2,,,,321,,29,0.511170,0.006248,0.063628,0.062671,0.650094,,,,,,,,,,,,,
gro,Hop40Rep2-0,40,2,0,BATCH,2,,,,,,29,,,,,,14,0.063844,,,,,,,,,,,
gro,Hop40Rep2-0,40,2,0,REROUTE,2,,,,,,,,,,,,,,29,0.044574,0.000246,0.112434,,,,,,,
gro,Hop40Rep2-0,40,2,0,ITERATION,2,,6.006833,,,,29,,,,,,,,,,,,,,,,,,
gro,Hop40Rep2-0,40,2,0,EVALUATE,3,2048,4.070648,,,,,,,,,,,,,,,,,,,,,,
gro,Hop40Rep2-0,40,2,0,TDG,3,,0.562689,78612,,,,,,,,,,,,,,,,,,,,,
gro,Hop40Rep2-0,40,2,0,IMPACT,3,,0.255545,78612,,,,,,,,,,,,,,,,,,,,,
gro,Hop40Rep2-0,40,2,0,CANDIDATE,3,,,,433,0.158472,,,,,,,,,,,,,,,,,,,
gro,Hop40Rep2-0,40,2,0,SELECT,3,,,,433,,196,0.509262,0.010259,0.276615,0.271964,0.865707,,,,,,,,,,,,,
gro,Hop40Rep2-0,40,2,0,BATCH,3,,,,,,196,,,,,,26,0.397555,,,,,,,,,,,
gro,Hop40Rep2-0,40,2,0,REROUTE,3,,,,,,,,,,,,,,196,0.124836,0.001059,0.194323,,,,,,,
gro,Hop40Rep2-0,40,2,0,ITERATION,3,,6.550011,,,,196,,,,,,,,,,,,,,,,,,
gro,Hop40Rep2-0,40,2,0,EVALUATE,4,2048,3.130141,,,,,,,,,,,,,,,,,,,,,,
gro,Hop40Rep2-0,40,2,0,TDG,4,,0.469375,81235,,,,,,,,,,,,,,,,,,,,,
gro,Hop40Rep2-0,40,2,0,IMPACT,4,,0.259279,81235,,,,,,,,,,,,,,,,,,,,,
gro,Hop40Rep2-0,40,2,0,CANDIDATE,4,,,,420,0.156285,,,,,,,,,,,,,,,,,,,
gro,Hop40Rep2-0,40,2,0,SELECT,4,,,,420,,193,0.507193,0.007007,0.186891,0.183215,0.773355,,,,,,,,,,,,,
gro,Hop40Rep2-0,40,2,0,BATCH,4,,,,,,193,,,,,,30,0.242632,,,,,,,,,,,
gro,Hop40Rep2-0,40,2,0,REROUTE,4,,,,,,,,,,,,,,193,0.128738,0.002918,0.201023,,,,,,,
gro,Hop40Rep2-0,40,2,0,ITERATION,4,,5.278096,,,,193,,,,,,,,,,,,,,,,,,
gro,Hop40Rep2-0,40,2,0,EVALUATE,5,2048,2.591383,,,,,,,,,,,,,,,,,,,,,,
gro,Hop40Rep2-0,40,2,0,TDG,5,,0.423084,83479,,,,,,,,,,,,,,,,,,,,,
gro,Hop40Rep2-0,40,2,0,IMPACT,5,,0.263626,83479,,,,,,,,,,,,,,,,,,,,,
gro,Hop40Rep2-0,40,2,0,CANDIDATE,5,,,,749,0.156536,,,,,,,,,,,,,,,,,,,
gro,Hop40Rep2-0,40,2,0,SELECT,5,,,,749,,343,0.514547,0.010508,0.281003,0.275418,0.878885,,,,,,,,,,,,,
gro,Hop40Rep2-0,40,2,0,BATCH,5,,,,,,343,,,,,,33,0.374018,,,,,,,,,,,
gro,Hop40Rep2-0,40,2,0,REROUTE,5,,,,,,,,,,,,,,343,0.229401,0.010096,0.311018,,,,,,,
gro,Hop40Rep2-0,40,2,0,ITERATION,5,,5.046024,,,,343,,,,,,,,,,,,,,,,,,
gro,Hop40Rep2-0,40,2,0,EVALUATE,6,2048,2.091902,,,,,,,,,,,,,,,,,,,,,,
gro,Hop40Rep2-0,40,2,0,TDG,6,,0.385981,87046,,,,,,,,,,,,,,,,,,,,,
gro,Hop40Rep2-0,40,2,0,IMPACT,6,,0.270354,87046,,,,,,,,,,,,,,,,,,,,,
gro,Hop40Rep2-0,40,2,0,CANDIDATE,6,,,,645,0.157794,,,,,,,,,,,,,,,,,,,
gro,Hop40Rep2-0,40,2,0,SELECT,6,,,,645,,276,0.530244,0.006170,0.147923,0.144388,0.759418,,,,,,,,,,,,,
gro,Hop40Rep2-0,40,2,0,BATCH,6,,,,,,276,,,,,,25,0.206467,,,,,,,,,,,
gro,Hop40Rep2-0,40,2,0,REROUTE,6,,,,,,,,,,,,,,276,0.198052,0.011038,0.283207,,,,,,,
gro,Hop40Rep2-0,40,2,0,ITERATION,6,,4.205217,,,,276,,,,,,,,,,,,,,,,,,
gro,Hop40Rep2-0,40,2,0,EVALUATE,7,2048,1.838782,,,,,,,,,,,,,,,,,,,,,,
gro,Hop40Rep2-0,40,2,0,TDG,7,,0.373256,89449,,,,,,,,,,,,,,,,,,,,,
gro,Hop40Rep2-0,40,2,0,IMPACT,7,,0.277886,89449,,,,,,,,,,,,,,,,,,,,,
gro,Hop40Rep2-0,40,2,0,CANDIDATE,7,,,,1046,0.162617,,,,,,,,,,,,,,,,,,,
gro,Hop40Rep2-0,40,2,0,SELECT,7,,,,1046,,455,0.551404,0.009142,0.221708,0.216358,0.861441,,,,,,,,,,,,,
gro,Hop40Rep2-0,40,2,0,BATCH,7,,,,,,455,,,,,,24,0.375413,,,,,,,,,,,
gro,Hop40Rep2-0,40,2,0,REROUTE,7,,,,,,,,,,,,,,455,0.377691,0.021276,0.478676,,,,,,,
gro,Hop40Rep2-0,40,2,0,ITERATION,7,,4.419817,,,,455,,,,,,,,,,,,,,,,,,
gro,Hop40Rep2-0,40,2,0,EVALUATE,8,2048,1.580951,,,,,,,,,,,,,,,,,,,,,,
gro,Hop40Rep2-0,40,2,0,TDG,8,,0.344927,92602,,,,,,,,,,,,,,,,,,,,,
gro,Hop40Rep2-0,40,2,0,IMPACT,8,,0.280451,92602,,,,,,,,,,,,,,,,,,,,,
gro,Hop40Rep2-0,40,2,0,CANDIDATE,8,,,,1065,0.163465,,,,,,,,,,,,,,,,,,,
gro,Hop40Rep2-0,40,2,0,SELECT,8,,,,1065,,468,0.561745,0.007274,0.170302,0.165950,0.820661,,,,,,,,,,,,,
gro,Hop40Rep2-0,40,2,0,BATCH,8,,,,,,468,,,,,,23,0.156484,,,,,,,,,,,
gro,Hop40Rep2-0,40,2,0,REROUTE,8,,,,,,,,,,,,,,468,0.370788,0.027691,0.480165,,,,,,,
gro,Hop40Rep2-0,40,2,0,ITERATION,8,,3.882674,,,,468,,,,,,,,,,,,,,,,,,
gro,Hop40Rep2-0,40,2,0,EVALUATE,9,2048,1.407485,,,,,,,,,,,,,,,,,,,,,,
gro,Hop40Rep2-0,40,2,0,TDG,9,,0.342677,94725,,,,,,,,,,,,,,,,,,,,,
gro,Hop40Rep2-0,40,2,0,IMPACT,9,,0.290413,94725,,,,,,,,,,,,,,,,,,,,,
gro,Hop40Rep2-0,40,2,0,CANDIDATE,9,,,,834,0.168846,,,,,,,,,,,,,,,,,,,
gro,Hop40Rep2-0,40,2,0,SELECT,9,,,,834,,358,0.578921,0.004803,0.109200,0.106191,0.776319,,,,,,,,,,,,,
gro,Hop40Rep2-0,40,2,0,BATCH,9,,,,,,358,,,,,,15,0.064008,,,,,,,,,,,
gro,Hop40Rep2-0,40,2,0,REROUTE,9,,,,,,,,,,,,,,358,0.285166,0.023113,0.389908,,,,,,,
gro,Hop40Rep2-0,40,2,0,ITERATION,9,,3.496914,,,,358,,,,,,,,,,,,,,,,,,
gro,Hop40Rep2-0,40,2,0,EVALUATE,-1,2048,1.323823,,,,,,,,,,,,,,,,,,,,,,
gro,Hop40Rep2-0,40,2,0,RUN,-1,2048,53.955366,,,,,,,,,,,,,,,,,,,,,,
baseline,Hop40Rep2-0,40,2,0,BASELINE_INITIAL,,,,,,,,,,,,,,,,,,,0.403347,,,,,,
baseline,Hop40Rep2-0,40,2,0,BASELINE,0,,,,,,614,,,,,,,,,,,,,614,183334760,4.426711,0.200389,4.627536,
baseline,Hop40Rep2-0,40,2,0,BASELINE,1,,,,,,614,,,,,,,,,,,,,614,137462898,3.283220,0.220940,3.504616,
baseline,Hop40Rep2-0,40,2,0,BASELINE,2,,,,,,614,,,,,,,,,,,,,614,117691965,2.547355,0.212006,2.759811,
baseline,Hop40Rep2-0,40,2,0,BASELINE,3,,,,,,614,,,,,,,,,,,,,614,110139465,2.217139,0.275089,2.492704,
baseline,Hop40Rep2-0,40,2,0,BASELINE,4,,,,,,614,,,,,,,,,,,,,614,110432221,2.142202,0.210347,2.353001,
baseline,Hop40Rep2-0,40,2,0,BASELINE,5,,,,,,614,,,,,,,,,,,,,614,105729688,2.099235,0.210052,2.309745,
baseline,Hop40Rep2-0,40,2,0,BASELINE,6,,,,,,614,,,,,,,,,,,,,614,105342397,2.160601,0.227913,2.388994,
baseline,Hop40Rep2-0,40,2,0,BASELINE,7,,,,,,614,,,,,,,,,,,,,614,99866017,1.856748,0.213785,2.070991,
baseline,Hop40Rep2-0,40,2,0,BASELINE,8,,,,,,614,,,,,,,,,,,,,614,102136906,1.886219,0.208627,2.095291,
baseline,Hop40Rep2-0,40,2,0,BASELINE,9,,,,,,614,,,,,,,,,,,,,614,103573913,1.903308,0.210120,2.113900,
baseline,Hop40Rep2-0,40,2,0,BASELINE_FINAL,,,,,,,,,,,,,,,,,,,,,103690361,1.892931,,,29.016743
gro,Hop40Rep4-0,40,4,0,INITIAL_ROUTES,-1,4096,0.792661,,,,,,,,,,,,,,,,,,,,,,
gro,Hop40Rep4-0,40,4,0,EVALUATE,0,4096,14.123169,,,,,,,,,,,,,,,,,,,,,,
gro,Hop40Rep4-0,40,4,0,TDG,0,,1.988206,107363,,,,,,,,,,,,,,,,,,,,,
gro,Hop40Rep4-0,40,4,0,IMPACT,0,,0.370680,107363,,,,,,,,,,,,,,,,,,,,,
gro,Hop40Rep4-0,40,4,0,CANDIDATE,0,,,,285,0.310284,,,,,,,,,,,,,,,,,,,
gro,Hop40Rep4-0,40,4,0,SELECT,0,,,,285,,137,0.737808,0.010402,0.302914,0.297061,1.151190,,,,,,,,,,,,,
gro,Hop40Rep4-0,40,4,0,BATCH,0,,,,,,137,,,,,,77,0.072443,,,,,,,,,,,
gro,Hop40Rep4-0,40,4,0,REROUTE,0,,,,,,,,,,,,,,137,0.232312,0.000522,0.329808,,,,,,,
gro,Hop40Rep4-0,40,4,0,ITERATION,0,,18.413925,,,,137,,,,,,,,,,,,,,,,,,
gro,Hop40Rep4-0,40,4,0,EVALUATE,1,4096,15.112269,,,,,,,,,,,,,,,,,,,,,,
gro,Hop40Rep4-0,40,4,0,TDG,1,,1.896178,112266,,,,,,,,,,,,,,,,,,,,,
gro,Hop40Rep4-0,40,4,0,IMPACT,1,,0.387233,112266,,,,,,,,,,,,,,,,,,,,,
gro,Hop40Rep4-0,40,4,0,CANDIDATE,1,,,,274,0.315102,,,,,,,,,,,,,,,,,,,
gro,Hop40Rep4-0,40,4,0,SELECT,1,,,,274,,63,0.762414,0.011458,0.171443,0.167304,1.047241,,,,,,,,,,,,,
gro,Hop40Rep4-0,40,4,0,BATCH,1,,,,,,63,,,,,,55,0.086556,,,,,,,,,,,
gro,Hop40Rep4-0,40,4,0,REROUTE,1,,,,,,,,,,,,,,63,0.181154,0.000607,0.282534,,,,,,,
gro,Hop40Rep4-0,40,4,0,ITERATION,1,,19.197689,,,,63,,,,,,,,,,,,,,,,,,
gro,Hop40Rep4-0,40,4,0,EVALUATE,2,4096,15.183277,,,,,,,,,,,,,,,,,,,,,,
gro,Hop40Rep4-0,40,4,0,TDG,2,,1.950870,114662,,,,,,,,,,,,,,,,,,,,,
gro,Hop40Rep4-0,40,4,0,IMPACT,2,,0.392938,114662,,,,,,,,,,,,,,,,,,,,,
gro,Hop40Rep4-0,40,4,0,CANDIDATE,2,,,,361,0.313584,,,,,,,,,,,,,,,,,,,
gro,Hop40Rep4-0,40,4,0,SELECT,2,,,,361,,182,0.884410,0.016275,0.577853,0.568236,1.582947,,,,,,,,,,,,,
gro,Hop40Rep4-0,40,4,0,BATCH,2,,,,,,182,,,,,,74,0.962455,,,,,,,,,,,
gro,Hop40Rep4-0,40,4,0,REROUTE,2,,,,,,,,,,,,,,182,0.295251,0.002738,0.429531,,,,,,,
gro,Hop40Rep4-0,40,4,0,ITERATION,2,,20.886155,,,,182,,,,,,,,,,,,,,,,,,
gro,Hop40Rep4-0,40,4,0,EVALUATE,3,4096,14.390641,,,,,,,,,,,,,,,,,,,,,,
gro,Hop40Rep4-0,40,4,0,TDG,3,,1.953438,122593,,,,,,,,,,,,,,,,,,,,,
gro,Hop40Rep4-0,40,4,0,IMPACT,3,,0.424602,122593,,,,,,,,,,,,,,,,,,,,,
gro,Hop40Rep4-0,40,4,0,CANDIDATE,3,,,,251,0.318833,,,,,,,,,,,,,,,,,,,
gro,Hop40Rep4-0,40,4,0,SELECT,3,,,,251,,71,0.831925,0.015119,0.298287,0.292805,1.257412,,,,,,,,,,,,,
gro,Hop40Rep4-0,40,4,0,BATCH,3,,,,,,71,,,,,,68,0.350032,,,,,,,,,,,
gro,Hop40Rep4-0,40,4,0,REROUTE,3,,,,,,,,,,,,,,71,0.251132,0.001395,0.363868,,,,,,,
gro,Hop40Rep4-0,40,4,0,ITERATION,3,,19.133212,,,,71,,,,,,,,,,,,,,,,,,
gro,Hop40Rep4-0,40,4,0,EVALUATE,4,4096,13.698234,,,,,,,,,,,,,,,,,,,,,,
gro,Hop40Rep4-0,40,4,0,TDG,4,,1.740584,125870,,,,,,,,,,,,,,,,,,,,,
gro,Hop40Rep4-0,40,4,0,IMPACT,4,,0.438359,125870,,,,,,,,,,,,,,,,,,,,,
gro,Hop40Rep4-0,40,4,0,CANDIDATE,4,,,,228,0.332424,,,,,,,,,,,,,,,,,,,
gro,Hop40Rep4-0,40,4,0,SELECT,4,,,,228,,106,0.865237,0.007800,0.219498,0.214905,1.232085,,,,,,,,,,,,,
gro,Hop40Rep4-0,40,4,0,BATCH,4,,,,,,106,,,,,,57,0.029458,,,,,,,,,,,
gro,Hop40Rep4-0,40,4,0,REROUTE,4,,,,,,,,,,,,,,106,0.213873,0.002565,0.329382,,,,,,,
gro,Hop40Rep4-0,40,4,0,ITERATION,4,,17.875459,,,,106,,,,,,,,,,,,,,,,,,
gro,Hop40Rep4-0,40,4,0,EVALUATE,5,4096,13.253072,,,,,,,,,,,,,,,,,,,,,,
gro,Hop40Rep4-0,40,4,0,TDG,5,,1.668364,131290,,,,,,,,,,,,,,,,,,,,,
gro,Hop40Rep4-0,40,4,0,IMPACT,5,,0.446351,131290,,,,,,,,,,,,,,,,,,,,,
gro,Hop40Rep4-0,40,4,0,CANDIDATE,5,,,,328,0.323106,,,,,,,,,,,,,,,,,,,
gro,Hop40Rep4-0,40,4,0,SELECT,5,,,,328,,58,0.871791,0.018350,0.262434,0.258588,1.271273,,,,,,,,,,,,,
gro,Hop40Rep4-0,40,4,0,BATCH,5,,,,,,58,,,,,,34,0.335045,,,,,,,,,,,
gro,Hop40Rep4-0,40,4,0,REROUTE,5,,,,,,,,,,,,,,58,0.138490,0.000776,0.257022,,,,,,,
gro,Hop40Rep4-0,40,4,0,ITERATION,5,,17.632123,,,,58,,,,,,,,,,,,,,,,,,
gro,Hop40Rep4-0,40,4,0,EVALUATE,6,4096,12.767142,,,,,,,,,,,,,,,,,,,,,,
gro,Hop40Rep4-0,40,4,0,TDG,6,,1.631413,134085,,,,,,,,,,,,,,,,,,,,,
gro,Hop40Rep4-0,40,4,0,IMPACT,6,,0.456768,134085,,,,,,,,,,,,,,,,,,,,,
gro,Hop40Rep4-0,40,4,0,CANDIDATE,6,,,,491,0.326643,,,,,,,,,,,,,,,,,,,
gro,Hop40Rep4-0,40,4,0,SELECT,6,,,,491,,36,0.920386,0.022077,0.214100,0.210936,1.277999,,,,,,,,,,,,,
gro,Hop40Rep4-0,40,4,0,BATCH,6,,,,,,36,,,,,,33,0.576090,,,,,,,,,,,
gro,Hop40Rep4-0,40,4,0,REROUTE,6,,,,,,,,,,,,,,36,0.117765,0.001658,0.237443,,,,,,,
gro,Hop40Rep4-0,40,4,0,ITERATION,6,,17.352438,,,,36,,,,,,,,,,,,,,,,,,
gro,Hop40Rep4-0,40,4,0,EVALUATE,7,4096,12.662014,,,,,,,,,,,,,,,,,,,,,,
gro,Hop40Rep4-0,40,4,0,TDG,7,,1.599253,135398,,,,,,,,,,,,,,,,,,,,,
gro,Hop40Rep4-0,40,4,0,IMPACT,7,,0.458701,135398,,,,,,,,,,,,,,,,,,,,,
gro,Hop40Rep4-0,40,4,0,CANDIDATE,7,,,,590,0.326439,,,,,,,,,,,,,,,,,,,
gro,Hop40Rep4-0,40,4,0,SELECT,7,,,,590,,269,1.374057,0.026426,0.455771,0.447255,1.979044,,,,,,,,,,,,,
gro,Hop40Rep4-0,40,4,0,BATCH,7,,,,,,269,,,,,,56,0.623095,,,,,,,,,,,
gro,Hop40Rep4-0,40,4,0,REROUTE,7,,,,,,,,,,,,,,269,0.240402,0.009706,0.371827,,,,,,,
gro,Hop40Rep4-0,40,4,0,ITERATION,7,,18.100581,,,,269,,,,,,,,,,,,,,,,,,
gro,Hop40Rep4-0,40,4,0,EVALUATE,8,4096,11.501476,,,,,,,,,,,,,,,,,,,,,,
gro,Hop40Rep4-0,40,4,0,TDG,8,,1.504586,141914,,,,,,,,,,,,,,,,,,,,,
gro,Hop40Rep4-0,40,4,0,IMPACT,8,,0.504908,141914,,,,,,,,,,,,,,,,,,,,,
gro,Hop40Rep4-0,40,4,0,CANDIDATE,8,,,,740,0.321161,,,,,,,,,,,,,,,,,,,
gro,Hop40Rep4-0,40,4,0,SELECT,8,,,,740,,206,3.342447,0.108938,0.731961,0.719449,4.314125,,,,,,,,,,,,,
gro,Hop40Rep4-0,40,4,0,BATCH,8,,,,,,206,,,,,,76,2.488950,,,,,,,,,,,
gro,Hop40Rep4-0,40,4,0,REROUTE,8,,,,,,,,,,,,,,206,0.336535,0.004987,0.471524,,,,,,,
gro,Hop40Rep4-0,40,4,0,ITERATION,8,,21.189065,,,,206,,,,,,,,,,,,,,,,,,
gro,Hop40Rep4-0,40,4,0,EVALUATE,9,4096,10.478869,,,,,,,,,,,,,,,,,,,,,,
gro,Hop40Rep4-0,40,4,0,TDG,9,,1.419340,149438,,,,,,,,,,,,,,,,,,,,,
gro,Hop40Rep4-0,40,4,0,IMPACT,9,,0.513179,149438,,,,,,,,,,,,,,,,,,,,,
gro,Hop40Rep4-0,40,4,0,CANDIDATE,9,,,,478,0.340915,,,,,,,,,,,,,,,,,,,
gro,Hop40Rep4-0,40,4,0,SELECT,9,,,,478,,227,0.993650,0.016964,0.526396,0.518109,1.695449,,,,,,,,,,,,,
gro,Hop40Rep4-0,40,4,0,BATCH,9,,,,,,227,,,,,,64,1.269358,,,,,,,,,,,
gro,Hop40Rep4-0,40,4,0,REROUTE,9,,,,,,,,,,,,,,227,0.283378,0.009686,0.425575,,,,,,,
gro,Hop40Rep4-0,40,4,0,ITERATION,9,,16.228475,,,,227,,,,,,,,,,,,,,,,,,
gro,Hop40Rep4-0,40,4,0,EVALUATE,-1,4096,10.064934,,,,,,,,,,,,,,,,,,,,,,
gro,Hop40Rep4-0,40,4,0,RUN,-1,4096,197.351777,,,,,,,,,,,,,,,,,,,,,,
baseline,Hop40Rep4-0,40,4,0,BASELINE_INITIAL,,,,,,,,,,,,,,,,,,,0.814487,,,,,,
baseline,Hop40Rep4-0,40,4,0,BASELINE,0,,,,,,1228,,,,,,,,,,,,,1228,460985702,14.265678,0.431972,14.698511,
baseline,Hop40Rep4-0,40,4,0,BASELINE,1,,,,,,1228,,,,,,,,,,,,,1228,377366937,11.876436,0.412307,12.289587,
baseline,Hop40Rep4-0,40,4,0,BASELINE,2,,,,,,1228,,,,,,,,,,,,,1228,346266313,9.446770,0.480037,9.927682,
baseline,Hop40Rep4-0,40,4,0,BASELINE,3,,,,,,1228,,,,,,,,,,,,,1228,298421551,7.759625,0.436106,8.196590,
baseline,Hop40Rep4-0,40,4,0,BASELINE,4,,,,,,1228,,,,,,,,,,,,,1228,275970122,6.664150,0.420731,7.085747,
baseline,Hop40Rep4-0,40,4,0,BASELINE,5,,,,,,1228,,,,,,,,,,,,,1228,265967311,6.166188,0.462003,6.629042,
baseline,Hop40Rep4-0,40,4,0,BASELINE,6,,,,,,1228,,,,,,,,,,,,,1228,266896720,6.288342,0.486695,6.775987,
baseline,Hop40Rep4-0,40,4,0,BASELINE,7,,,,,,1228,,,,,,,,,,,,,1228,255625685,5.775092,0.441776,6.217724,
baseline,Hop40Rep4-0,40,4,0,BASELINE,8,,,,,,1228,,,,,,,,,,,,,1228,246535896,5.502979,0.442126,5.945965,
baseline,Hop40Rep4-0,40,4,0,BASELINE,9,,,,,,1228,,,,,,,,,,,,,1228,243561427,5.340355,0.463906,5.805133,
baseline,Hop40Rep4-0,40,4,0,BASELINE_FINAL,,,,,,,,,,,,,,,,,,,,,249173517,5.614789,,,90.008666
